Value_1,Value_2,Value_3,Average,Standard Deviation
3.713267326,4.169778347,1.378403902,0.585960329,1.478839397,1.125751615,0.437913537,1.016437531,0.340563119,1.5829905670000002,1.3991604502295159
3.76043248432,4.317464712148,1.40781379694,0.6518809663759999,1.74009734598,1.238201200438,0.549367498588,1.224757389068,0.464730719976,1.706082901537111,1.3951103732150683
3.8075976426400002,4.465151077296,1.43722369188,0.717801603752,2.0013552949599998,1.350650785876,0.6608214601760001,1.433077247136,0.588898320952,1.8291752360742224,1.3950879823832243
3.85476280096,4.612837442444,1.46663358682,0.783722241128,2.2626132439399997,1.4631003713139998,0.772275421764,1.6413971052039997,0.713065921928,1.9522675706113333,1.3990934711090206
3.90192795928,4.7605238075920004,1.4960434817600001,0.849642878504,2.5238711929199997,1.575549956752,0.883729383352,1.8497169632719999,0.837233522904,2.0753599051484444,1.4070924420171065
3.9490931176,4.9082101727400005,1.5254533767,0.91556351588,2.7851291418999997,1.68799954219,0.99518334494,2.05803682134,0.9614011238800001,2.198452239685556,1.4190173631902552
3.9962582759200003,5.055896537888,1.5548632716400002,0.981484153256,3.0463870908799997,1.800449127628,1.106637306528,2.2663566794079997,1.085568724856,2.3215445742226666,1.4347703477773603
4.04342343424,5.203582903036001,1.58427316658,1.047404790632,3.3076450398599997,1.9128987130659998,1.2180912681159999,2.474676537476,1.209736325832,2.4446369087597777,1.4542269980504747
4.0905885925600005,5.351269268184,1.61368306152,1.121493375264,3.61646989852,2.116132500088,1.357680005864,2.693982868584,1.326156905768,2.5874951640391113,1.4744040885537069
4.13775375088,5.498955633332001,1.64309295646,1.206667031172,3.9332225754600003,2.3233714724739998,1.521495911972,2.9137738970319997,1.4383518378640001,2.735187229627334,1.4969241500401183
4.1849189092,5.64664199848,1.6725028514,1.29184068708,4.2499752524000005,2.5306104448599998,1.68531181808,3.13356492548,1.55054676996,2.8828792952155555,1.5246012687384238
4.23208406752,5.794328363628,1.7019127463400001,1.377014342988,4.56672792934,2.7378494172459997,1.849127724188,3.3533559539279993,1.662741702056,3.0305713608037776,1.5571604828470094
4.27924922584,5.942014728776,1.73132264128,1.462187998896,4.883480606280001,2.9450883896319997,2.012943630296,3.5731469823759996,1.774936634152,3.1782634263919998,1.594302710616115
4.3264143841600005,6.089701093924,1.7607325362200001,1.5473616548040001,5.200233283220001,3.152327362018,2.176759536404,3.792938010824,1.8871315662480002,3.3259554919802223,1.6357157821123722
4.37357954248,6.237387459072,1.79014243116,1.632535310712,5.51698596016,3.3595663344039997,2.340575442512,4.012729039271999,1.9993264983439998,3.4736475575684445,1.6810840935720994
4.4207447008,6.36933553724,1.82699895372,1.71770896662,5.8428962232,3.6049954940199997,2.5074738290400003,4.24108676911,2.1092122081599998,3.6267169646566666,1.7277381023836158
4.467909859120001,6.463511726656,1.881727382568,1.8331927422560002,6.172469520680001,3.853949901688,2.712594972776,4.4702352713839995,2.213555784504,3.7854607957368893,1.7630438489041418
4.529311624906001,6.557687916072,1.9364558114160002,1.9540890392720003,6.5020428181600005,4.102904309355999,2.917716116512,4.699383773657999,2.317899360848,3.9463878633555556,1.8028027619281626
4.5928225177240005,6.651864105488,1.991184240264,2.0749853362880004,6.831616115640001,4.351858717023999,3.1228372602479997,4.928532275931999,2.4222429371920002,4.107549278422223,1.846737012603552
4.6563334105420005,6.746040294904,2.045912669112,2.195881633304,7.161189413120001,4.600813124692,3.3279584039840002,5.157680778206,2.526586513536,4.268710693488889,1.8944613087623674
4.71984430336,6.84021648432,2.10064109796,2.3167779303200002,7.4907627106,4.84976753236,3.5330795477200003,5.386829280479999,2.63093008988,4.429872108555556,1.9456967822476865
4.783355196178,6.934392673736,2.155369526808,2.437674227336,7.820336008080001,5.098721940028,3.738200691456,5.615977782753999,2.7352736662240003,4.591033523622222,2.0001736294317127
4.846866088996,7.028568863152,2.210097955656,2.558570524352,8.128981036839999,5.341603744552,3.943321835192001,5.846257636599999,2.839617242568,4.7493205475453335,2.0531774483465774
4.910376981814,7.122745052568,2.264826384504,2.692064075612,8.42192986406,5.583604042167999,4.156680722872,6.076701718899999,2.952482394976,4.909045693052666,2.1023905327664525
4.973887874632,7.216921241984,2.319554813352,2.859150304856,8.714878691280001,5.825604339783999,4.375263545736001,6.307145801199999,3.0658801458880003,5.0731429731902224,2.1493309427318743
5.03739876745,7.3110974314,2.3742832422,3.0262365341000006,9.007827518500001,6.0676046374,4.5938463686,6.5375898835,3.1792778968000004,5.237240253327778,2.198658333951025
5.100909660268,7.405273620816001,2.4290116710480003,3.1933227633440007,9.300776345720001,6.309604935016,4.812429191464,6.768033965799999,3.2926756477120005,5.401337533465334,2.2502157355393346
5.164420553086,7.499449810232,2.483740099896,3.360408992588,9.593725172940001,6.551605232631999,5.031012014328001,6.998478048099999,3.4060733986239997,5.565434813602889,2.3038534377069846
5.227931445904,7.593625999648,2.538468528744,3.5274952218320004,9.886674000160001,6.793605530248,5.249594837192,7.228922130399999,3.519471149536,5.729532093740445,2.35942956821107
5.291442338722,7.6878021890640005,2.593196957592,3.6945814510760004,10.149379383200001,7.011636289977999,5.468177660056,7.452512749571999,3.632868900448,5.886844213300889,2.408148898428039
5.35495323154,7.72078903216,2.67556247712,3.86166768032,10.371760174,7.22479188946,5.685134372840001,7.674709444039999,3.76415102024,6.037057702413333,2.4368115862928077
5.418464124358,7.710943332832,2.777273960124,4.055742064116001,10.594140964800001,7.437947488941999,5.892822258168,7.896906138507998,3.907952198248,6.188021392232888,2.4564627229414144
5.4819750171759996,7.701097633504,2.878985443128,4.261550428152001,10.8165217556,7.651103088424,6.100510143496001,8.119102832975999,4.051753376256,6.340288857634667,2.4775048058305846
5.54756778011,7.691251934176,2.9806969261320004,4.467358792188,11.0389025464,7.864258687906,6.308198028824001,8.341299527444,4.1955545542640005,6.492787641938222,2.501083350224079
5.61388467178,7.681406234848,3.0824084091360007,4.673167156224,11.2612833372,8.077414287387999,6.515885914152,8.563496221911999,4.339355732272001,6.6453668849902225,2.5271697442335297
5.68020156345,7.67156053552,3.1841198921400005,4.87897552026,11.483664128000001,8.29056988687,6.7235737994800004,8.78569291638,4.483156910280001,6.797946128042223,2.5557176052547392
5.74651845512,7.661714836192,3.2858313751440007,5.084783884296002,11.6821704836,8.479295127616,6.931261684808,8.993247406879998,4.626958088288001,6.943531260216,2.5778772272983574
5.81283534679,7.651869136864,3.387542858148,5.2905922483320005,11.8209907512,8.661476522272,7.138949570136,9.196879878459999,4.7797180828079995,7.082317155001111,2.5865741279487358
5.87915223846,7.642023437536,3.4892543411520003,5.498473095408,11.9598110188,8.843657916928,7.331773096516001,9.40051235004,4.9615942309920005,7.222916858425778,2.5939259689596814
5.94546913013,7.632177738208,3.590965824156,5.721379444524001,12.0986312864,9.025839311583999,7.517810719898,9.604144821619998,5.143470379176001,7.364432072855111,2.60214426726421
6.0117860218,7.62233203888,3.6926773071600003,5.944285793640001,12.237451554,9.20802070624,7.703848343280001,9.8077772932,5.325346527360001,7.505947287284444,2.6125339779482077
6.0781029134699995,7.6124863395519995,3.7943887901640005,6.167192142756,12.3762718216,9.390202100896,7.889885966662001,10.01140976478,5.507222675544001,7.647462501713777,2.625069318566103
6.14441980514,7.602640640224,3.896100273168001,6.390098491872001,12.515092089200001,9.572383495552,8.075923590044,10.21504223636,5.689098823728001,7.788977716143112,2.639719722183711
6.21073669681,7.592794940896,3.997811756172001,6.613004840988,12.6432306702,9.730553005312,8.261961213426002,10.39606655094,5.870974971912001,7.924126071850669,2.649378339504461
6.277053588479999,7.5829492415679995,4.099523239176,6.8359111901039995,12.7072791316,9.880567535295999,8.447998836808,10.56941262352,6.052851120096,8.050394056294222,2.6452179817726322
6.34337048015,7.4902118968,4.24288818366,7.058817539220001,12.771327593,10.030582065279999,8.62935592679,10.742758696100001,6.25702030188,8.174036964764447,2.635788354896424
6.40968737182,7.38642233264,4.391806923008001,7.2808214645280005,12.8353760544,10.180596595264,8.794487167652001,10.91610476868,6.464161888144001,8.295496062904,2.628819227174428
6.47600426349,7.282632768479999,4.540725662356,7.502073369996001,12.8994245158,10.330611125248,8.959618408514,11.08945084126,6.671303474408001,8.416871603283557,2.625708677430821
6.54232115516,7.17884320432,4.689644401704001,7.723325275464001,12.9634729772,10.480625655231998,9.124749649376001,11.262796913839999,6.878445060672001,8.538247143663112,2.626430512422109
6.60050904617,7.075053640159999,4.838563141052001,7.944577180932001,13.0275214386,10.630640185215999,9.289880890238,11.43614298642,7.085586646936001,8.658719461747113,2.6317749749670902
6.6535628315,6.971264076,4.987481880400001,8.165829086400002,13.0915699,10.751803779,9.4550121311,11.582522392,7.292728233200001,8.772419367733333,2.6351598307233086
6.70661661683,6.867474511839999,5.1364006197480006,8.387080991868,13.1014804076,10.86084997958,9.620143371962001,11.71757579744,7.499869819464001,8.877499124036888,2.6286967958373517
6.75967040216,6.763684947679999,5.285319359096001,8.608332897336002,13.1113909152,10.96989618016,9.785274612824,11.85262920288,7.707540809416002,8.982637702972445,2.6262699457447534
6.81272418749,6.659895383519999,5.434238098444,8.829584802804002,13.1213014228,11.07894238074,9.936790399802002,11.98768260832,7.915682380424,9.086315740482668,2.627346709894376
6.86577797282,6.55610581936,5.583156837792,9.043486549552,13.131211930400001,11.187988581319999,10.084034671836001,12.122736013759999,8.123823951432001,9.188702480919112,2.6323054287346466
6.9188317581500005,6.4523162551999995,5.73207557714,9.25715860384,13.141122438,11.297034781899999,10.23127894387,12.2577894192,8.33196552244,9.291063699971112,2.6411580138959057
6.97188554348,6.34852669104,5.8809943164880005,9.470830658128001,13.1510329456,11.406080982479999,10.378523215904,12.392842824639999,8.540107093448,9.393424919023111,2.6538627225662466
7.02493932881,6.24473712688,6.029913055836,9.684502712416,13.160943453200002,11.47883021388,10.525767487938001,12.502903544859999,8.748248664456002,9.488976176475113,2.66341292612489
7.07799311414,6.140947562719999,6.178831795184001,9.898174766704,13.1400964752,11.533044822719999,10.673011759972,12.60020204284,8.956390235464001,9.577632508327111,2.6681010390219693
7.13104689947,6.031047854903999,6.3281743092400005,10.111846820992001,13.1141232496,11.58725943156,10.820256032006,12.69750054082,9.159841376816,9.664566279489778,2.677171930525483
7.1841006848,5.89263414336,6.4794944386,10.32551887528,13.088150024,11.6414740404,10.9603692236,12.794799038799999,9.34140384644,9.745327146142223,2.695227449113919
7.23715447013,5.754220431815999,6.630814567960001,10.536334137239999,13.0621767984,11.69568864924,11.083724376160001,12.89209753678,9.522966316064002,9.823908587087779,2.716580691688096
7.2902082554600005,5.6158067202719995,6.78213469732,10.742754334080002,13.0362035728,11.74990325808,11.20707952872,12.989396034759999,9.704528785688002,9.902001687464445,2.7419326332976484
7.343262040790001,5.477393008727999,6.933454826680001,10.94917453092,13.0102303472,11.804117866919999,11.33043468128,13.08669453274,9.886091255312003,9.980094787841113,2.7712889378633245
7.39631582612,5.338979297183999,7.08477495604,11.15559472776,12.984257121599999,11.814213304399999,11.45378983384,13.16328066696,10.067653724936001,10.050984384315557,2.798133614600854
7.43594413253,5.200565585640001,7.2360950854,11.3620149246,12.940277667999998,11.797235614,11.5771449864,13.227156941599999,10.24921619456,10.11396123697,2.824571854987322
7.461251928092,5.062151874095999,7.387415214760001,11.56843512144,12.889095723199999,11.780257923599999,11.70050013896,13.29103321624,10.430778664184002,10.174546644952445,2.856206795708999
7.4865597236540005,4.9237381625520005,7.53873534412,11.774855318280002,12.837913778399999,11.7632802332,11.82385529152,13.35490949088,10.56919152112,10.230337651525112,2.8914747333184643
7.5118675192160005,4.785324451007999,7.690055473480001,11.981275515120002,12.7867318336,11.7463025428,11.91570125784,13.41878576552,10.698358032480002,10.281600265673777,2.9281481042564224
7.5371753147780005,4.6469107394639995,7.841375602840001,12.178263674520002,12.7355498888,11.7293248524,12.00135791972,13.48266204016,10.827524543840001,10.33112717516911,2.9671475790864807
7.5624831103400005,4.508497027919999,7.992695732200001,12.373155825600001,12.684367944,11.712347162,12.0870145816,13.5465383148,10.956691055200002,10.380421194851111,3.009226138595694
7.587790905902001,4.370083316375999,8.144015861560002,12.56804797668,12.6331859992,11.644785669120001,12.17267124348,13.59035861616,11.08585756656,10.421866350559776,3.049216529182471
7.613098701464001,4.231669604831999,8.295335990920002,12.762940127760002,12.5712746072,11.54021163784,12.25832790536,13.61950381512,11.21502407792,10.456376274268445,3.0882231634360813
7.638406497026001,4.093255893287999,8.446656120280002,12.957832278840002,12.5013161298,11.43563760656,12.34398456724,13.64864901408,11.34419058928,10.489992077377114,3.1304743655939844
7.663714292588001,3.9710997501280003,8.566105552648,13.152724429920001,12.4313576524,11.33106357528,12.42964122912,13.67779421304,11.43977036976,10.518141229431556,3.173540146915276
7.689022088150001,3.8672333713999993,8.649700450900001,13.347616581,12.361399174999999,11.226489544000001,12.497811462,13.706939412,11.497565078,10.538197462494445,3.214771147179642
7.714329883712,3.763366992672,8.733295349152,13.5363975868,12.291440697599999,11.121915512720001,12.53660449416,13.73608461096,11.555359786239999,10.554310546001778,3.255503333075155
7.739637679274,3.659500613943999,8.816890247404,13.7060812636,12.221482220199999,11.01734148144,12.57539752632,13.765229809920001,11.61315449448,10.568301704064668,3.2962311465276803
7.764945474836001,3.555634235216,8.900485145656,13.875764940400002,12.151523742799998,10.862391980584002,12.614190558479999,13.7705869572,11.67094920272,10.574052470876888,3.3355311296513435
7.790253270398,3.451767856487999,8.984080043908001,14.045448617200002,12.0748064424,10.663695361412003,12.65298359064,13.755286059600001,11.72874391096,10.57189612811178,3.3743675368736796
7.81556106596,3.34790147776,9.06767494216,14.215132294,11.989077378,10.46499874224,12.6917766228,13.739985162,11.7865386192,10.568738478235556,3.41586575132839
7.8285572446,3.244035099032,9.151269840412,14.3848159708,11.903348313599999,10.266302123068002,12.73056965496,13.7246842644,11.83445432968,10.563115204505777,3.4612037029068907
7.8191686652,3.1401687203039996,9.234864738664001,14.5544996476,11.8176192492,10.067605503896003,12.769362687120001,13.709383366800001,11.808277556959998,10.546772237304888,3.508180497181063
7.8097800858,3.036302341576,9.318459636916,14.724183324400002,11.7318901848,9.868908884724,12.76403052138,13.6940824692,11.782100784239999,10.525526470337333,3.5543208347480673
7.8003915064000005,2.9324359628479995,9.402054535168,14.85898082504,11.646161120399999,9.670212265552001,12.75435817224,13.6787815716,11.75592401152,10.499922218974222,3.597368320505883
7.791002927,2.8285695841199994,9.48564943342,14.9763352376,11.560432056,9.432877111900003,12.7446858231,13.636525784500002,11.7297472388,10.465091688493334,3.6382856677784514
7.7816143476,2.724703205391999,9.569244331672001,15.09368965016,11.46897076,9.15579946564,12.73501347396,13.5665449682,11.70357046608,10.422127852078223,3.6802160164288265
7.7722257682,2.620836826663999,9.652839229924,15.21104406272,11.363178884999998,8.87872181938,12.72534112482,13.496564151900001,11.67739369336,10.377571729107556,3.724749999047647
7.7628371888,2.516970447936,9.736434128176,15.32839847528,11.25738701,8.601644173120002,12.71566877568,13.4265833356,11.651216920640001,10.33301560613689,3.7723185864460116
7.7534486094,2.470535456104,9.730495384568,15.445752887840001,11.151595134999999,8.324566526860004,12.705996426539999,13.3566025193,11.55458929576,10.277064693485777,3.806523952563987
7.74406003,2.44177166024,9.69700782808,15.5631073004,11.04580326,8.047488880600001,12.673338105,13.286621703,11.4362844856,10.215053694768889,3.8366220680984098
7.7346714506,2.4130078643759996,9.663520271591999,15.67206655604,10.940011384999998,7.770411234340002,12.612330417499999,13.2166408867,11.31797967544,10.148959971287557,3.865598688528983
7.7252828712,2.384244068512,9.630032715103999,15.697074242480001,10.834219509999999,7.476029327792004,12.551322729999999,13.122179907200001,11.19967486528,10.068895581951999,3.8808457954148667
7.7158942918,2.3554802726479998,9.596545158616,15.72208192892,10.724174095199999,7.160557854018001,12.490315042499999,12.9978837288,11.081370055119999,9.98270026973578,3.8971675854292434
7.7065057124,2.326716476784,9.563057602128,15.74708961536,10.588607441599999,6.845086380244002,12.429307355,12.8735875504,10.96306524496,9.893669264319556,3.915419369654823
7.697117133,2.2979526809199995,9.52957004564,15.7720973018,10.453040788,6.5296149064700035,12.3682996675,12.749291372000002,10.8447604348,9.804638258903333,3.936203807721046
7.6877285535999995,2.269188885056,9.496082489151998,15.79710498824,10.3174741344,6.214143432696004,12.30729198,12.624995193600002,10.689708188487998,9.711524205025777,3.958327100674844
7.6709127281219995,2.240425089192,9.462594932663999,15.82211267468,10.181907480799998,5.898671958922002,12.2462842925,12.5006990152,10.482159604816,9.611751975210668,3.9819996604208185
7.628632058948,2.211661293328,9.429107376175999,15.84712036112,10.0463408272,5.583200485148003,12.12474882472,12.376402836800002,10.274611021143999,9.502425009398221,4.004928798307472
7.586351389774,2.182897497464,9.395619819688,15.807193110839998,9.910774173599998,5.2736080897920035,12.00229626936,12.235624291480002,10.067062437472,9.384603008830002,4.015152280697407
7.5440707206,2.1541337015999997,9.3621322632,15.706150626,9.775207519999999,4.972530221800001,11.879843714,12.070974732000002,9.859513853799998,9.258284150333331,4.012066554718307
7.501790051426,2.125369905736,9.328644706712,15.605108141159999,9.60016746558,4.671452353808002,11.757391158639999,11.906325172520003,9.651965270127999,9.127579358412223,4.0103874638885575
7.459509382252,2.096606109872,9.295157150223998,15.50406565632,9.425127411159998,4.370374485816003,11.634938603279998,11.741675613040002,9.444416686455996,8.99687456649111,4.010785723433148
7.417228713078,2.0725936167280006,9.255258705067998,15.403023171480001,9.250087356739998,4.069296617824001,11.51248604792,11.577026053560001,9.233197677351997,8.865577551083334,4.012134289271975
7.374948043903999,2.1246019671040006,9.112786041223998,15.301980686639999,9.075047302319998,3.7682187498320023,11.39003349256,11.412376494080002,8.963251861335996,8.724804959888889,3.997941977808126
7.33266737473,2.1766103174800007,8.970313377379998,15.2009382018,8.900007247899998,3.4671408818400034,11.22843611645,11.247726934600003,8.693306045319996,8.579682944166667,3.9833396246967947
7.290386705556,2.2286186678560003,8.827840713535998,15.09989571696,8.724967193479998,3.1882997153480037,11.03104918994,11.076705072404003,8.423360229303999,8.432347022709333,3.964444501661727
7.248106036382,2.2806270182320008,8.685368049691998,14.8787366294,8.549927139059998,2.9479451476060015,10.833662263429998,10.894654224738002,8.153414413287997,8.274715657980888,3.915385989252684
7.205825367208,2.3326353686080004,8.542895385847999,14.6498280836,8.335000819959998,2.7075905798640028,10.636275336919999,10.712603377072002,7.883468597271998,8.111791435150222,3.8664546995612143
7.163544698034,2.384643718984001,8.400422722003999,14.4209195378,8.113426790079997,2.4672360121220036,10.438888410409998,10.530552529406002,7.6135227812559965,7.9481285777884425,3.819715210384512
7.12126402886,2.4366520693600004,8.257950058159999,14.192010991999998,7.891852760199996,2.2268814443800014,10.2415014839,10.34850168174,7.343576965239998,7.784465720426667,3.7753101555632127
7.078983359686,2.488660419736001,8.115477394315997,13.963102446199997,7.670278730319998,1.9865268766380022,10.04411455739,10.166450834074002,7.065564483591996,7.619906566883554,3.733471585999163
7.0367026905120005,2.5406687701120005,7.973004730471999,13.734193900399998,7.448704700439997,1.7461723088960033,9.842264061232,9.984399986408002,6.784190891263997,7.454478004415112,3.6939115218600085
6.9925033049,2.592677120488,7.830532066627999,13.505285354599998,7.227130670559997,1.5332331948580007,9.570112343117998,9.804969084152,6.502817298935999,7.284362270915555,3.6462817090486253
6.9303958992000005,2.6446854708640006,7.688059402783998,13.242433540639999,7.005556640679998,1.3775089407240013,9.297960625003997,9.631005894056,6.221443706607997,7.115450013395555,3.5832327376578084
6.868288493500001,2.6966938212400002,7.545586738939999,12.920181007399997,6.755224657099997,1.221784686590002,9.02580890689,9.457042703960001,5.940070114279998,6.936742347766665,3.5099516624105487
6.8061810878,2.7487021716160007,7.403114075095998,12.597928474159996,6.493389492039996,1.0660604324560023,8.753657188776,9.283079513864003,5.658696521951996,6.756756550862221,3.439350418254865
6.744073682100001,2.8007105219920003,7.260641411251999,12.275675940919998,6.231554326979995,0.9103361783220031,8.481505470661999,9.109116323768003,5.377322929623998,6.576770753957778,3.3715526697977376
6.6819662764,2.8756343958880017,7.104857243023997,11.953423407679999,5.969719161919994,0.7546119241879997,8.209353752547997,8.935153133672,5.109748234063996,6.399385281042665,3.3026324713824535
6.6198588707,2.992570062904001,6.9246686500919985,11.631170874439999,5.70788399686,0.5988876700540003,7.937202034433997,8.761189943576,4.867471515911998,6.226767068774667,3.229706569457616
6.557751465000001,3.1095057299200004,6.74448005716,11.3089183412,5.446048831799999,0.46649642132000047,7.640811195759996,8.59499435448,4.625194797759999,6.054911243822222,3.1547710159547604
6.4956440593,3.2264413969359995,6.564291464228001,10.986665807959998,5.184213666739998,0.39360433635600073,7.3280589507079945,8.448606147934,4.382918079608,5.890049323307778,3.0717725948069554
6.4335366536,3.343377063952002,6.384102871295997,10.635572996448003,4.9181035230399965,0.320712251392001,7.015306705655994,8.302217941388001,4.140641361455996,5.721507929803111,2.9874054377983708
6.3714292479,3.4603127309680013,6.203914278363998,10.276715494631999,4.648787145359996,0.2478201664280013,6.702554460604001,8.155829734842003,3.8983646433039976,5.551747544711334,2.9065202561897165
6.3093218422,3.5772483979840004,6.023725685431999,9.917857992815994,4.379470767679995,0.17492808146400157,6.389802215552001,8.009441528296003,3.656087925151999,5.3819871596195545,2.831064802678202
6.2472144365,3.694184065,5.8435370925,9.559000490999999,4.11015439,0.1020359965,6.0770499705,7.86305332175,3.413811207,5.212226774527777,2.7614842026986124
6.185107030799999,3.811119732016002,5.663348499567996,9.200142989183997,3.840838012319999,0.029143911536000322,5.7642977254479995,7.716665115204001,3.2365510712639964,5.049690454148888,2.6926790634021804
6.1229996251,3.9280553990320017,5.483159906635997,8.841285487368001,3.571521634639998,-0.028678902867999925,5.454840039889999,7.578202825356001,3.0592909355279976,4.890075216742444,2.627710097369276
6.0608922194,4.044991066048,5.302971313703998,8.482427985551997,3.302205256959997,-0.038634622551999884,5.166613959959998,7.464916976784002,2.8820307997919983,4.740934995071999,2.5620381013410256
5.9987848136999995,4.161926733064,5.122782720771999,8.129256021047993,3.0500928969599963,-0.04859034223599985,4.878387880029997,7.351631128212002,2.7047706640559994,4.594338057289554,2.5032389161450648
5.943238935279999,4.2788624000799995,4.94259412784,7.797201766559999,2.820919227199995,-0.05854606191999981,4.590161800099996,7.2383452796400025,2.5275105283200006,4.453365333677777,2.4539949460453734
5.887911774436,4.395798067096002,4.762405534907996,7.4651475120719955,2.5917455574399946,-0.06850178160399978,4.301935720169995,7.125059431068003,2.3502503925839964,4.312416912018887,2.4120960861796417
5.832584613592001,4.512733734112001,4.5822169419759975,7.133093257584001,2.3625718876799993,-0.07845750128799998,4.013709640239995,7.011773582496,2.1729902568479975,4.171468490359999,2.377914481969773
5.777257452748,4.653080446236001,4.431369553683998,6.8010390030959975,2.133398217919998,-0.08841322097199995,3.725483560309994,6.898487733924,2.041522734263999,4.041469497912221,2.348220824796309
5.721930291904,4.806196819328,4.296526458831999,6.468984748607994,1.9042245481599975,-0.09049581881200028,3.437257480380001,6.789765768172001,1.9350330006719996,3.9188248108048875,2.324529464495708
5.6666031310600005,4.959313192420003,4.161683363979996,6.13693049412,1.6750508783999964,-0.06052356343000039,3.2097257242,6.699625325330001,1.8285432670799975,3.808550201462222,2.3043860005040746
5.611275970216,5.112429565512002,4.026840269127997,5.804876239631995,1.4672430395199971,-0.030551308048000506,3.0118667485199997,6.609484882488001,1.722053533487998,3.7039465489395544,2.2896025873628227
5.555948809372,5.265545938604001,3.891997174275998,5.522709502068,1.3128497778399963,-0.0005790526660006262,2.8140077728399993,6.519344439646002,1.6155637998959986,3.6108209068751105,2.2818404795618465
5.500621648528001,5.418662311696001,3.757154079423999,5.269049917031998,1.1584565161599998,0.029393202715999253,2.616148797159999,6.429203996804002,1.5090740663039992,3.5208627262026666,2.2838742604804345
5.445294487684,5.571778684788,3.6223109845719996,5.015390331995995,1.0040632544799992,0.05936545809799991,2.4182898214799984,6.339063553962,1.402584332712,3.430904545530221,2.292434167676755
5.389967326840001,5.724895057880003,3.487467889719997,4.761730746959999,0.8496699927999984,0.08933771347999979,2.2204308457999975,6.24892311112,1.3181418755599994,3.343396062239999,2.3050157172182595
5.334640165996001,5.878011430972002,3.3526247948679977,4.508071161923996,0.6952767311199978,0.12378743394199936,2.022571870119997,6.159608767662001,1.2866128818639995,3.2623561376075547,2.317627490884677
5.279313005152,6.031127804064002,3.2177817000159985,4.254411576888,0.5408834694399972,0.1826596912039991,1.8504101848839987,6.074800420844001,1.2550838881679998,3.1873857489622215,2.33166536990469
5.223985844308,6.184244177156001,3.0829386051639993,4.000751991851997,0.3988594384599985,0.2415319484659989,1.7755310991859985,5.989992074026001,1.2235548944719998,3.124598897009999,2.343192147680364
5.168658683464,6.337360550248004,2.9480955103119966,3.753026315287997,0.3310507916799982,0.30040420572799864,1.7006520134880003,5.905183727208001,1.1920259007759992,3.0707175220213325,2.349842156278501
5.11333152262,6.490476923340003,2.8132524154599974,3.597276220039999,0.26324214489999964,0.3592764629899999,1.6257729277900002,5.82037538039,1.1604969070799995,3.0270556560677777,2.36444174333592
5.084608579312,6.643593296432002,2.678409320607998,3.4415261247919973,0.19543349811999938,0.4181487202519997,1.550893842092,5.735567033572001,1.1289679133839996,2.9863498142848885,2.3857284000374963
5.061001831684,6.7967096695240015,2.543566225755999,3.285776029544,0.12762485133999912,0.47702097751399947,1.4760147563939996,5.650758686754001,1.097438919688,2.946212438688667,2.411209450758597
5.0373950840560004,6.95289028204,2.475768296984,3.130025934295998,0.05981620455999881,0.5395365592879988,1.4011356706959996,5.565392539664002,1.14154934564,2.922612213024889,2.431670003852449
5.013788336428001,7.109262409520004,2.412160691091999,2.9742758390480004,-0.00799244222000145,0.6307433215939985,1.3262565849979993,5.475633715432002,1.1903872353200011,2.902723965690223,2.4512422251045867
4.9901815888000005,7.265634537000003,2.348553085199999,2.818525743799999,-0.07580108899999954,0.7219500838999982,1.3316378237000004,5.385874891200002,1.2392251250000008,2.891753532177778,2.468160862248518
4.966574841172,7.422006664480002,2.2849454793079995,2.6627756485519973,-0.05775716701999993,0.8131568462059978,1.3643075726980003,5.296116066968002,1.2880630146800005,2.893354329671555,2.4737307833916495
4.942968093544001,7.578378791960001,2.2213378734159996,2.546367777304,-0.03971324503999986,0.9043636085119997,1.3969773216960004,5.206357242736,1.3369009043600002,2.899326485387556,2.482254493303248
4.919361345916,7.734750919440001,2.157730267524,2.471761019055999,-0.02166932305999978,0.9955703708179995,1.4296470706940005,5.116598418504,1.3857387940399999,2.909943209214667,2.4929234094631485
4.895754598288001,7.891123046920003,2.0941226616319986,2.397154260808,-0.0036254010799997155,1.086777133123999,1.4623168196920007,5.026839594272,1.434576683720001,2.920559933041778,2.506229641506887
4.87214785066,8.047495174400003,2.030515055739999,2.3225475025599995,0.01441852090000037,1.180871307129998,1.49498656869,4.937541285050001,1.5303369424400017,2.936762245285556,2.5186048733174173
4.848541103032,8.203867301880003,1.9669074498479995,2.2479407443119985,0.03246244288000044,1.3130793155759977,1.5276563176879998,4.854321773960001,1.658942859488001,2.961524367629333,2.529170047679747
4.824934355404,8.36023942936,1.9032998439559998,2.1733339860639997,0.050506364860000055,1.4452873240219972,1.57772405786,4.771102262870001,1.7875487765360003,2.9882196001035553,2.541991968197839
4.801327607776001,8.516611556840004,1.8396922380639986,2.098727227815999,0.1381594402000007,1.5774953324679966,1.6717446178400004,4.687882751780002,1.9161546935840028,3.0275328295964448,2.545367128054314
4.777720860148,8.672983684320004,1.776084632171999,2.0241204695680004,0.23741404110000108,1.7097033409139994,1.7657651778200005,4.60466324069,2.044760610632002,3.0681351174848897,2.550957470456912
4.754114112520001,8.829355811800003,1.7124770262799993,1.9918140645999998,0.33666864200000146,1.841911349359999,1.8597857378000007,4.5214437296000005,2.1733665276800016,3.1134374446266673,2.558059641427052
4.730507364892,8.985727939280002,1.6488694203879997,1.9637376949599996,0.4359232429000019,1.9741193578059986,1.953806297780001,4.43822421851,2.3019724447280008,3.1592097756937783,2.5683660097050347
4.733219731976001,9.13752023276,1.596535316832,1.93566132532,0.5351778438000023,2.1076487120599974,2.0478268577600014,4.356104921424,2.447266990896,3.2107735480920003,2.5811507340196274
4.746699009624001,9.274428065740004,1.5808400958679998,1.9075849556799997,0.6344324447000027,2.2867644966899965,2.1418474177400015,4.311943007476001,2.646799581704004,3.28125989724689,2.5884795697326104
4.760178287272,9.411335898720003,1.5651448749039998,1.87950858604,0.7336870456000005,2.465880281319996,2.2358679777200017,4.267781093528001,2.846332172512003,3.3517462464017784,2.59904972495242
4.773657564920001,9.548243731700001,1.54944965394,1.8514322163999999,0.8790032271000017,2.644996065949995,2.346165272900002,4.223619179580001,3.0458647633200018,3.4291590750900003,2.606304045221209
4.7871368425680005,9.685151564680002,1.533754432976,1.8233558467599995,1.0427440408400024,2.824111850579999,2.4600138557599998,4.179457265632,3.245397354128001,3.5090136726582224,2.6146781508918964
4.800616120216,9.822059397660004,1.5180592120119998,1.80193439858,1.2064848545800029,3.0032276352099982,2.57386243862,4.135295351684,3.444929944936005,3.589607705944223,2.626086577660923
4.814095397864,9.958967230640003,1.5023639910479998,1.79382279332,1.3702256683200036,3.182343419839998,2.68771102148,4.0911334377360005,3.6444625357440037,3.671680610665779,2.6398009525859085
4.827574675512,10.095875063620001,1.4866687700839998,1.78571118806,1.5339664820600043,3.361459204469997,2.8015596043400004,4.046971523788001,3.8439951265520023,3.753753515387334,2.6568450357944666
4.84105395316,10.232782896600002,1.47097354912,1.7775995828,1.6977072958000008,3.5863640545199953,2.915408187200001,4.073123702639999,4.084081516120002,3.853232748662222,2.6776045667291193
4.854533230808,10.36969072958,1.455278328156,1.7694879775399999,1.8614481095400015,3.811923034075994,3.0292567700600013,4.100280368531999,4.329575078856,3.9534970696831113,2.7019509626490854
4.868012508456,10.506598562560002,1.4395831071919998,1.76137637228,2.0402688316000024,4.037482013631999,3.1438237557200015,4.127437034424,4.575068641592005,4.055516758606223,2.7283382085445007
4.881491786104,10.643506395540001,1.4238878862279998,1.75326476702,2.2303994849000035,4.263040993187998,3.2596778797300017,4.154593700316,4.820562204328004,4.158936121928224,2.7571726129532044
4.894971063752,10.780414228520002,1.408192665264,1.74515316176,2.420530138200004,4.488599972743997,3.3755320037400023,4.181750366208,5.066055767064002,4.262355485250223,2.78949456855481
4.9084503414,10.9173220615,1.3924974443,1.7519144175,2.610660791500005,4.7141589522999965,3.4913861277500025,4.2089070321,5.311549329800001,4.367427388683335,2.823458367520436
4.921929619048,11.054229894479999,1.376802223336,1.7634349887599998,2.8007914448000006,4.939717931855995,3.6072402517600026,4.236063697992,5.557042892536,4.473028104951999,2.860009675854296
4.935408896696,11.1788147066,1.3760869466040002,1.77495556002,2.9909220981000018,5.198637905171994,3.72309437577,4.336101751451998,5.804884903032005,4.590989682605111,2.8940653778020735
4.969555259976,11.2924457224,1.3886871758560002,1.7864761312800002,3.1810527514000024,5.459549579607993,3.8389484997800003,4.4404909325279975,6.054814422648003,4.712446719497333,2.9264614591758846
5.0186278517680005,11.4060767382,1.4012874051080002,1.7979967025399999,3.367476992420003,5.7204612540439985,3.9548026237900005,4.544880113603999,6.304743942264002,4.835150402637556,2.961909631731556
5.06770044356,11.519707753999999,1.41388763436,1.8095172738,3.548959350400004,5.981372928479997,4.071797237400001,4.649269294679999,6.55467346188,4.957431708728889,3.0000924922987457
5.116773035352,11.633338769800002,1.4264878636120002,1.8210378450599998,3.7304417083800048,6.242284602915996,4.1889249081300015,4.753658475755999,6.804602981496005,5.079727798944668,3.0406325002652705
5.165845627144001,11.746969785600001,1.4390880928640002,1.8408743972160002,3.9119240663600054,6.503196277351996,4.306052578860002,4.858047656831999,7.054532501112004,5.202947887037778,3.0823065473660964
5.214918218936,11.8606008014,1.4516883221160002,1.898132863404001,4.093406424340001,6.764107951787994,4.4231802495900014,4.9624368379079975,7.304462020728002,5.330325965578888,3.120952528861568
5.263990810728,11.9742318172,1.464288551368,1.955391329592,4.274888782320002,7.036065829999993,4.540307920320002,5.114098846247996,7.548779495064001,5.46356037587111,3.1610612657143724
5.313063402520001,12.087862832999999,1.47688878062,2.0126497957800007,4.4563711403000035,7.309231886749992,4.657435591050002,5.270931320069995,7.76690742476,5.594593574983333,3.200881198221814
5.362135994312,12.201493848800002,1.4894890098720002,2.0699082619679996,4.636020374120004,7.582397943499998,4.774563261780003,5.427763793891999,7.985035354456005,5.725423093633334,3.242513167187792
5.411208586103999,12.315124864600001,1.5020892391240002,2.1271667281560003,4.811086797540004,7.855564000249997,4.893438453486,5.584596267713999,8.203163284152003,5.8559375801251115,3.285923193281351
5.460281177896,12.4287558804,1.5146894683760002,2.184425194344001,4.986153220960005,8.128730056999997,5.014603500264,5.741428741535998,8.421291213848002,5.986706494958223,3.3308242829380155
5.509353769688,12.5423868962,1.527289697628,2.2416836605320003,5.161219644380001,8.401896113749995,5.135768547042001,5.898261215357998,8.639419143544002,6.117475409791333,3.3772376389274315
5.55842636148,12.656017912000003,1.5398899268800001,2.343921098240002,5.336286067800002,8.675062170499993,5.25693359382,6.055093689179997,8.857547073240006,6.253241988126667,3.4186456575775077
5.6074989532720005,12.769648927800002,1.5524901561320001,2.4753948674359996,5.511352491220003,8.936386009573994,5.378098640598001,6.229717034553996,9.075675002936006,6.392918009280223,3.456088375905076
5.656571545064001,12.88259859272,1.5912567920000005,2.6068686366320013,5.6864189146400035,9.195768501487992,5.4992636873760015,6.407256916247995,9.253008514856003,6.531001344558222,3.485877411509209
5.705644136856,12.99540225388,1.6356305150000003,2.7383424058280026,5.864339713900004,9.455150993401999,5.620428734154001,6.584796797941999,9.421600365824002,6.669037324087335,3.5147868652728405
5.778426403476002,13.108205915040001,1.680004238,2.8698161750240008,6.059386768200005,9.714533485315997,5.741593780932002,6.7623366796359985,9.590192216792001,6.811610629157335,3.5434162712933452
5.87999898953,13.221009576200002,1.724377961000001,3.001289944220002,6.2544338225000065,9.973915977229996,5.865368061480002,6.9398765613299975,9.758784067760004,6.957672773472224,3.5718175911086245
5.981571575583999,13.333813237360003,1.7687516840000006,3.132763713416,6.449480876800002,10.233298469143996,5.989222626144002,7.117416443023997,9.927375918728004,7.103743838244444,3.6010636371649793
6.083144161638001,13.446616898520002,1.8131254070000005,3.266492007800002,6.6445279311000025,10.492680961057994,6.113077190808003,7.294956324717996,10.095967769696003,7.250065405815333,3.6308276964891157
6.184716747692,13.559420559680001,1.85749913,3.4723651082000044,6.839574985400003,10.727410068439994,6.236931755472,7.480976038063995,10.264559620664,7.402606001512443,3.6488297142961383
6.286289333745999,13.672224220840004,1.901872853000001,3.678238208600001,7.034622039700004,10.95661341722,6.360786320136,7.668896403331999,10.408666424400003,7.5520232467748905,3.664720411026586
6.387861919800001,13.785027882000003,1.946246576000001,3.8841113090000032,7.229669094000006,11.185816765999999,6.484640884800001,7.856816768599998,10.525227550000002,7.6983798611333345,3.67885277096051
6.489434505854,13.897831543160002,1.9906202990000006,4.0899844094,7.457215757260007,11.415020114779997,6.608495449464002,8.044737133867997,10.6417886756,7.848347543154001,3.693481013462656
6.591007091907999,14.010635204320002,2.0349940220000002,4.295857509800003,7.684762420520002,11.644223463559996,6.730169243248001,8.232657499135996,10.758349801200001,7.99807291729911,3.7092749245855132
6.692579677962001,14.12343886548,2.079367745,4.5017306102000045,7.912309083780003,11.873426812339996,6.849726406472001,8.420577864403997,10.8749109268,8.14756311027089,3.7262230458780574
6.794152264016,14.236242526640003,2.123741468000001,4.707603710600002,8.139855747040004,12.102630161119995,6.969283569696002,8.608498229671996,10.991472052400002,8.297053303242668,3.744222159783603
6.895724850069998,14.349046187800003,2.168115191000001,4.932624493100005,8.367402410300006,12.305717195499994,7.088840732920002,8.816776247089994,11.108033178000003,8.448031165086668,3.757896464203893
6.997297436124001,14.468131739920002,2.218651725288001,5.1806224941200005,8.594949073560006,12.501206756599998,7.208397896144002,9.030976490587998,11.21984589064,8.602231055887112,3.7686645258782403
7.098870022178,14.634331474240001,2.3154093442360004,5.428620495140003,8.822495736820006,12.696696317699999,7.327955059368003,9.245176734085998,11.29604550608,8.762844521094225,3.776854643344698
7.2004426082320006,14.800531208560006,2.412166963184003,5.676618496160006,9.069296913440008,12.892185878799998,7.447512222592,9.459376977583997,11.372245121520002,8.925597376674668,3.7861897320394813
7.302015194286,14.966730942880005,2.508924582132002,5.924616497180002,9.319307175620002,13.087675439899996,7.566376520444,9.673577221081995,11.448444736960003,9.088629812276,3.796730318323488
7.431883898199998,15.132930677200005,2.6056822010800014,6.172614498200005,9.569317437800004,13.283165000999995,7.67045969036,9.887777464579994,11.524644352400001,9.253163913424446,3.8074874938131646
7.621174449620002,15.299130411520002,2.702439820028001,6.420612499220001,9.819327699980004,13.478654562099996,7.774542860276001,10.101977708077994,11.600843967840001,9.424300442073555,3.815798804559084
7.81046500104,15.465330145840001,2.7991974389760004,6.668610500240003,10.069337962160006,13.653989521199994,7.878626030192001,10.348543361119992,11.677043583280001,9.596793727116443,3.8233013433883554
7.999755552459998,15.631529880160006,2.8959550579240023,6.918284765176,10.319348224340008,13.821960298799999,7.982709200108001,10.606934836879997,11.753243198720002,9.76996900161867,3.8311936655251873
8.189046103880003,15.797729614480005,2.992712676872002,7.168190238928002,10.569358486520008,13.989931076399998,8.086792370024002,10.865326312639997,11.813707669280001,9.941421616558225,3.839367943720509
8.3783366553,15.963929348800004,3.0894702958200013,7.418095712680005,10.824393944000002,14.157901853999997,8.19087553994,11.123717788399995,11.869330556800001,10.11289463286,3.848750315882423
8.567627206719997,16.130129083120003,3.186227914768001,7.668001186432001,11.081439479600004,14.325872631599996,8.294958709856001,11.382109264159995,11.92495344432,10.284590991175111,3.8596061579377046
8.756917758140002,16.296328817440003,3.2829855337160003,7.917906660184004,11.338485015200005,14.493843409199995,8.384571901418001,11.640500739919993,11.98057633184,10.454679574117556,3.8728463106155293
8.94620830956,16.462528551760006,3.3797431526640023,8.167812133936,11.595530550800007,14.661814186799994,8.463796390572002,11.898892215679993,12.03619921936,10.623613856792444,3.8882751127114656
9.135498860979999,16.628728286080005,3.4765007716120016,8.417717607688003,11.852576086400006,14.818847517599998,8.543020879725999,12.181049375479999,12.09182210688,10.793973499160668,3.904842013790816
9.324789412400001,16.794928020400004,3.5732583905600013,8.659866333200004,12.109621622000008,14.970970157999998,8.62224536888,12.473876842399997,12.1474449944,10.964111238026668,3.923505606349765
9.51407996382,17.00794652952,3.7071227933480015,8.884174537760002,12.366667157600002,15.123092798399998,8.701469858034,12.766704309319996,12.20224164112,11.141499954324665,3.9449888830232207
9.703370515239998,17.28784900264001,3.893996887336005,9.108482742320003,12.625647431600003,15.275215438799997,8.780694347188001,13.059531776239995,12.25585794384,11.332294009467113,3.9680285030567313
9.89266106666,17.56775147576001,4.080870981324004,9.33279094688,12.886078759400004,15.427338079199997,8.859918836342,13.352359243159993,12.30947424656,11.523249292809556,3.992778836775502
10.08195161808,17.847653948880005,4.267745075312003,9.557099151440003,13.146510087200005,15.579460719599997,8.936883025832001,13.645186710079994,12.36309054928,11.71395343174489,4.019348165487271
10.271242169499999,18.127556422000005,4.454619169300003,9.781407356000004,13.406941415000006,15.731583359999997,8.997177505300002,13.938014176999992,12.416706852,11.902805380677778,4.049014392396807
10.484064720440003,18.40745889512,4.641493263288001,10.00571556056,13.667372742800007,15.88160537636,9.057471984768002,14.228264689879998,12.47032315472,12.093752265326223,4.0787728911170005
10.79493726938,18.68736136824001,4.828367357276004,10.230023765120004,13.927804070600008,16.030485749219995,9.117766464236002,14.517114684259989,12.523939457440001,12.295311131752445,4.105364232627542
11.105809818319996,18.96726384136001,5.015241451264004,10.42621173032,14.188235398400002,16.179366122079998,9.178060943704002,14.805964678639995,12.578500645360002,12.493850514383114,4.135787775565815
11.416682367260002,19.247166314480005,5.202115545252003,10.611854605760001,14.454686547200003,16.328246494939993,9.238355423172,15.094814673019986,12.648179996480001,12.693566885284888,4.169149257187316
11.727554916199999,19.527068787600005,5.388989639240002,10.797497481200004,14.729164124000004,16.4771268678,9.29864990264,15.383664667399993,12.717859347600001,12.89417508152,4.204778862288772
12.038427465139996,19.806971260720008,5.575863733228005,10.983140356640002,15.003641700800006,16.62600724066,9.358944382108,15.672514661779998,12.787538698720002,13.094783277755113,4.242219581098698
12.349300014080002,20.086873733840008,5.762737827216005,11.168783232080004,15.278119277600007,16.774887613519997,9.430243645080001,15.96136465615999,12.857218049840002,13.29661422771289,4.280179903962421
12.660172563019998,20.366776206960004,5.949611921204003,11.35442610752,15.552596854400008,16.9284324819,9.507295408520001,16.228318185379997,12.926897400960002,13.497169681096002,4.317853355064209
12.971045111959995,20.646678680080004,6.136486015192002,11.540068982960003,15.827074431200009,17.085014696199995,9.584347171960001,16.48101355123999,12.996576752080001,13.696478376985777,4.356171815102947
13.281917660900001,20.926581153200004,6.323360109180001,11.719464757600004,16.10155200800001,17.241596910499997,9.661398935400001,16.733708917099996,13.0662561032,13.895092950564447,4.39628725460533
13.592790209839999,21.303285262320014,6.611001674576009,11.863876767760003,16.382212598800013,17.398179124800002,9.738450698840001,16.986404282960002,13.162927214640002,14.115458648281784,4.437719007593975
13.903662758779996,21.720323386439997,6.940629686391999,12.008288777920004,16.6783307246,17.554761339099997,9.815502462280001,17.239099648819995,13.27084489288,14.347938186356888,4.481461606371377
14.214535307720002,22.13736151056001,7.270257698208005,12.15270078808,16.9744488504,17.7113435534,9.892554225720001,17.49179501468,13.378762571120001,14.580417724432003,4.527744430955981
14.52540785666,22.554399634680017,7.599885710024012,12.297112798240002,17.2705669762,17.867925767699994,9.986283637758003,17.744490380539993,13.486680249360004,14.814750334573558,4.5742870182995095
14.836280405599997,22.971437758800004,7.929513721840001,12.4415248084,17.566685102000005,18.033189164399996,10.149289436280004,17.9816663368,13.5945979276,15.056020517968891,4.613335857865658
15.147152954540001,23.388475882920012,8.259141733656008,12.585936818560002,17.862803227800004,18.20518047745999,10.312295234802004,18.20681475061999,13.702515605840002,15.296701854021999,4.653940423278394
15.466860475879997,23.80551400704,8.588769745471998,12.730348828720004,18.158921353600007,18.377171790519995,10.475301033324005,18.431963164439995,13.81043328408,15.53836485367511,4.696436272597838
15.914675097020005,24.222552131160008,8.918397757288005,12.854414827200001,18.45630077100001,18.54916310358,10.638306831846005,18.65711157826,13.942365290800003,15.794809709794894,4.741518941315261
16.362489718160003,24.639590255280016,9.24802576910401,12.9634890276,18.76124793800001,18.721154416639994,10.801312630368006,18.882259992079995,14.118323566400006,16.05532147929245,4.788783509992918
16.810304339299996,25.056628379400003,9.57765378092,13.072563228000003,19.06619510500001,18.8931457297,10.964318428890007,19.1074084059,14.294281842,16.315833248790003,4.8385582424374185
17.258118960440004,25.47366650352001,9.907281792736008,13.1816374284,19.37114227200001,19.065137042759993,11.127324227411998,19.332556819719994,14.470240117600005,16.576345018287558,4.890766499280907
17.705933581580002,25.89070462764002,10.236909804552013,13.290711628799999,19.676089439000013,19.249775264399997,11.416078324819999,19.568954253999998,14.646198393200008,16.853483924221337,4.9293890370609
18.153748202719996,26.307742751760006,10.566537816368005,13.399785829200002,19.981036606000014,19.446034969599992,11.75102567488,19.81568862599999,14.822156668800002,17.13819523836978,4.965339971685285
18.601562823860004,26.724780875880015,10.89616582818401,13.508860029600001,20.285983773000016,19.642294674799995,12.08597302494,20.062422997999995,14.998114944400006,17.422906552518228,5.003556446346021
19.049377445,27.141819,11.22579384,13.61793423,20.59093094,19.838554379999998,12.420920375000001,20.30915737,15.17407322,17.707617866666666,5.043986965760488
19.497192066139995,27.673420745640012,11.73299051076001,13.700412828840003,20.873979340600002,20.034814085199994,12.755867725060002,20.555891741999993,15.455229371040007,18.03108871280889,5.080346952873572
19.945006687280003,28.205022491280022,12.240187181520021,13.782891427680001,21.157027741200004,20.2310737904,13.090815075120002,20.802626114,15.736385522080012,18.354559558951117,5.120752457296591
20.39282130842,28.736624236920008,12.747383852280004,13.86537002652,21.440076141800002,20.427333495599992,13.425762425180004,21.049360485999994,16.017541673120004,18.678030405093335,5.165108538334263
20.840635929559994,29.26822598256002,13.254580523040016,13.947848625359999,21.723124542400004,20.644892097559996,13.822803917680007,21.337365174559995,16.29869782416001,19.015352735208893,5.208659958899939
21.288450550700006,29.7998277282,13.761777193799999,14.030327224200002,22.006172943000006,20.88562891069999,14.388879464600008,21.670281678199988,16.5798539752,19.379022185399997,5.2387928709872655
21.73626517184,30.33142947384001,14.26897386456001,14.11280582304,22.289221343600005,21.126365723839996,14.95495501152001,22.003198181839995,16.861010126240004,19.74269163559111,5.273621533580683
22.184079792979993,30.863031219480025,14.77617053532002,14.19528442188,22.572269744200007,21.36710253698,15.52103055844001,22.336114685480002,17.142166277280012,20.106361085782233,5.313053601316678
22.631894414120005,31.394632965120007,15.283367206080005,14.269115346720001,22.804401778800006,21.607839350119992,16.087106105360014,22.66903118911999,17.509774294480003,20.473018072213335,5.349368940180739
23.19131850138,31.926234710760017,15.790563876840015,14.331210142560002,23.028047752400006,21.84857616326,16.653181652280015,23.001947692759998,17.924537875040013,20.855068707475564,5.39444818404376
23.758439793200008,32.4578364564,16.2977605476,14.3933049384,23.25169372600001,22.08931297639999,17.219257199200015,23.334864196399987,18.339301455599998,21.237974587688893,5.445438983697605
24.325561085019988,32.98943820204001,16.80495721836001,14.455399734239998,23.47533969960001,22.364058803299994,17.78533274612002,23.726306113399993,18.754065036160007,21.631162070915558,5.5051100006886236
24.892682376839996,33.52103994768002,17.31215388912002,14.517494530080002,23.69898567320001,22.682687228599985,18.517368624960024,24.19326469279998,19.168828616720017,22.05605617555556,5.560404192829256
25.459803668660008,34.052641693320005,17.819350559880004,14.57958932592,23.9226316468,23.001315653899994,19.28935791704003,24.66022327219999,19.58359219728,22.48538954833334,5.619373307147559
26.026924960479988,34.584243438960016,18.326547230640013,14.64168412176,24.146277620400003,23.3199440792,20.06134720912003,25.1271818516,19.99835577784001,22.914722921111117,5.685297856577993
26.594046252299997,35.13528801,18.878939595199995,14.703778917600001,24.307681467000002,23.63857250449999,20.83333650120003,25.594140430999985,20.4513614692,23.348571683111114,5.7547441951085645
27.16116754412001,35.73299536200001,19.53980162488001,14.761997629760002,24.444188462800003,23.9572009298,21.60532579328003,26.061099010399992,20.99614822648001,23.806658287057786,5.828364295604289
27.728288835939985,36.330702714000026,20.200663654560024,14.81952418412,24.580695458600005,24.27582935509999,22.377315085359992,26.52805758979998,21.54093498376002,24.264667984582225,5.910969558486473
28.295410127759997,36.928410066000005,20.861525684240004,14.877050738480001,24.717202454400002,24.639160966479995,23.149304377439996,27.04951418591999,22.08572174104,24.733700037973335,6.00456393831532
28.86253141958001,37.52611741800002,21.522387713920015,14.934577292840002,24.853709450200004,25.07114389933998,23.948577830299996,27.65466416485997,22.63050849832001,25.22269085415111,6.109180078345273
29.429652711399985,38.12382477000003,22.18324974360003,14.992103847200001,24.990216446000005,25.50312683219999,24.800047068999998,28.259814143799982,23.175295255600023,25.71748120208889,6.22057877963797
29.996774003219997,38.72153212200001,22.84411177328001,15.04963040156,25.126723441800006,25.935109765059998,25.6515163077,28.86496412274,23.720082012880006,26.21227155002667,6.340057008156528
30.563895295040005,39.31923947400002,23.504973802960023,15.10715695592,25.220334472000005,26.367092697919986,26.5029855464,29.47011410167998,24.264868770160017,26.702295679564447,6.468379770571044
31.131016586859985,39.916946826,24.16583583264,15.177501018680001,25.281773528000002,26.799075630779996,27.354454785100003,30.07526408061999,24.89393360488,27.199533543728887,6.5989538484704156
31.698137878679994,40.514654178000015,24.826697862320014,15.282025103839999,25.343212584000003,27.231058563639984,28.205924023800005,30.680414059559975,25.528265819440012,27.701154452586664,6.729524791266125
32.311966324000004,41.11236153000003,25.48755989200003,15.386549189000004,25.404651640000004,27.70942258849999,29.057393262500007,31.321933934499985,26.162598034000027,28.217159599388896,6.872624957115455
32.937004486159985,41.71006888200001,26.148421921680008,15.491073274160001,25.466090696000002,28.27312782263997,29.908862501200012,32.030374418079965,26.796930248560006,28.75132825005333,7.0266589677969735
33.562042648319995,42.30777623400002,26.809283951360023,15.59559735932,25.527529752,28.836833056779984,30.707205317340012,32.73881490165998,27.431262463120017,29.279593964877776,7.186112741865637
34.187080810480005,42.905483586,27.470145981039998,15.700121444480004,25.588968808,29.400538290919997,31.498344550760013,33.44725538523999,28.065594677679996,29.807059281622223,7.35120641312473
34.81211897263998,43.50319093800002,28.131008010720013,15.804645529640002,25.6471868102,29.96424352505998,32.289483784180014,34.155695868819976,28.69992689224001,30.334166703500003,7.521958380859051
35.437157134799996,44.10260651120003,28.83846771200003,15.9091696148,25.701110074000002,30.52794875919999,33.08062301760002,34.86413635239999,29.352932050000025,30.868239025111123,7.696510876102278
36.062195296960006,44.70321783924001,29.578545783400006,16.105992185679998,25.7550333378,31.091653993339975,33.87176225102002,35.572576835979966,30.019008268000004,31.417776199046664,7.852715028354819
36.68723345911998,45.30382916728002,30.318623854800023,16.342944532960004,25.808956601600002,31.690963117119985,34.66290148444003,36.29784143147998,30.68508448600002,31.97759757053333,8.0050291464433
37.31227162127999,45.90444049532,31.058701926199998,16.579896880240003,25.8628798654,32.36957181328,35.454040717860025,37.06057791262,31.351160703999998,32.550393548466666,8.164362998913552
37.93730978344001,46.50505182336001,31.798779997600015,16.81684922752,25.9168031292,33.04818050943998,36.204392154720026,37.82331439375998,32.01723692200001,33.118657549004446,8.326511483693368
38.56234794559998,47.10566315140002,32.53885806900003,17.05380157480001,25.970726393,33.72678920559999,36.897932017800024,38.58605087489999,32.683313140000024,33.68060915245556,8.490224697339487
39.18738610775999,47.706274479440005,33.278936140400006,17.290753922080004,26.048261793600005,34.405397901759976,37.59147188088003,39.34878735603997,33.349389358,34.24518432666222,8.655018145222963
39.81242426992,48.306885807480015,34.01901421180002,17.52770626936,26.184827536200007,35.08400659791999,38.28501174396003,40.11152383717999,34.01325677472002,34.81607300539334,8.81602602709277
40.43746243208001,48.90749713552003,34.75909228320003,17.788724290400015,26.321393278800006,35.76261529407997,38.978551607039996,40.87426031831996,34.66994558728003,35.38883802519112,8.973950544957862
41.06250059423999,49.50810846356001,35.49917035460001,18.22421844620001,26.4579590214,36.45795060603998,39.672091470119994,41.63757576327998,35.32663439984001,35.98291212436445,9.091924445838245
41.6875387564,50.10871979160002,36.23924842600003,18.659712602000003,26.594524764000003,37.1990640244,40.3656313332,42.4024757408,35.98332321240002,36.58224873897778,9.213082989595982
42.29489517896001,50.709331119640005,36.97932649740001,19.095206757799996,26.731090506600005,37.940177442759975,41.05917119628,43.167375718319974,36.64001202496,37.17962071585777,9.335756342759392
42.89383172551999,51.309942447680015,37.71940456880002,19.530700913600015,26.867656249200003,38.68129086112,41.702731567520004,43.93227569583999,37.296700837520014,37.770503874088895,9.457892626920263
43.49276827208,51.91055377572003,38.45948264020004,19.96619506940001,27.024449729200008,39.42240427947997,42.34394915008,44.69717567335997,37.95338965008003,38.36337424884445,9.5794379599694
44.09170481864001,52.51116510376001,39.199560711600014,20.401689225200002,27.30260963360001,40.16351769783999,42.98516673264,45.46207565087998,38.610078462640004,38.96972978186667,9.684914243470327
44.690641365199994,53.04860962280002,39.940799786600024,20.837183381000017,27.58076953800001,40.904631116199965,43.626384315200006,46.22697562839996,39.25997131520002,39.56844067428889,9.780965939878952
45.289577911760006,53.57763190064,40.68219366208,21.373556336480014,27.85892944240001,41.64490310415999,44.26760189776,46.98289562575998,39.90895803976,40.17624976897778,9.8523777894627
45.88851445832001,54.106654178480014,41.42358753756002,21.993994958360005,28.13708934680001,42.38228267512,44.908819480320005,47.707946941319996,40.55794476432001,40.789648260066684,9.902824037318117
46.48745100487999,54.63567645632003,42.16498141304003,22.614433580239993,28.415249251200013,43.119662246079976,45.55003706288001,48.432998256879976,41.20693148888003,41.40304675115556,9.955099481649544
47.086387551440005,55.164698734160005,42.90637528852001,23.234872202120016,28.693409155600012,43.85704181703999,46.17752260492001,49.15804957243999,41.855918213440006,42.01491945996445,10.00846053205939
47.68532409800001,55.69372101200002,43.647769164000024,23.855310824000007,28.97156906000002,44.59442138799997,46.79085998400001,49.88310088799997,42.50490493800002,42.62522015066667,10.062860395558697
48.28426064455999,56.22274328984,44.38916303948,24.47574944588,29.390698545600003,45.33180095895999,47.404197363080016,50.60815220355998,43.15389166256,43.25118412816889,10.09473340913947
48.883197191120004,56.75176556768001,45.13055691496002,25.09618806776002,29.809828031200002,46.06918052991996,48.01753474216002,51.33320351911996,43.816428924640014,43.878653720951114,10.127595508679894
49.482133737680016,57.280787845520024,45.87195079044003,25.716626689640012,30.228957516800005,46.79595891963998,48.63087212124002,52.04871440663998,44.49101110896002,44.50522368184001,10.160269842821442
50.08107028423999,57.80981012336,46.61334466592001,26.421693973280004,30.648087002400008,47.47543973152,49.24420950032002,52.72166030752,45.165593293280004,45.13121209798223,10.169070009179228
50.680006830800004,58.338832401200015,47.354738541400025,27.129405902600027,31.067216488000007,48.154920543399975,49.857546879400026,53.39460620839998,45.84017547760002,45.757494363644454,10.17824103762104
51.278943377360015,58.86785467903999,48.09613241688,27.83711783192002,31.48634597360001,48.834401355279994,50.469647350560024,54.067552109279994,46.514757661919994,46.38363919509334,10.188329597267662
51.830331103099994,59.39687695688001,48.83752629236002,28.544829761240006,31.905475459200012,49.51388216715997,51.041548314320025,54.740498010159975,47.18933984624001,47.00003421229555,10.194569723133341
52.3425609764,59.92589923472002,49.57892016784003,29.252541690559994,32.396615291200014,50.19336297903999,51.613449278080026,55.41344391103999,47.863922030560026,47.62007950660446,10.186125202752086
52.85479084970001,60.42944714732,50.31118545744001,29.96025361988002,32.89975684760002,50.872843790919966,52.18535024184003,56.08638981191997,48.54668701512,48.23852275352667,10.172256623795805
53.36702072299999,60.81411468880001,51.00085067960002,30.66796554920001,33.40289840400002,51.539262468999986,52.7572512056,56.751425174799984,49.26763840080002,48.84093636608889,10.13948930250196
53.8792505963,61.19878223028002,51.69051590176004,31.36569578888,33.90603996040002,52.1260021309,53.32915216936,57.36820625588,49.988589786480034,49.42802609113779,10.102730703322084
54.39148046960001,61.58344977176,52.38018112392001,32.048069582960025,34.409181516800025,52.71274179279998,53.90105313312,57.98498733695998,50.70954117216001,50.01340954445334,10.070446457779651
54.90371034289999,61.968117313240015,53.06984634608003,32.73044337704001,34.91232307320003,53.29948145469999,54.47295409688,58.601768418039995,51.430492557840026,50.598792997768896,10.039206843364989
55.4159402162,62.35278485472,53.75951156824001,33.412817171120004,35.4154646296,53.88622111659998,55.01961981544,59.21854949911997,52.15144394352001,51.18137253495111,10.007808385610652
55.92817008950001,62.737452396200005,54.44917679040002,34.09519096520003,35.924125671000006,54.47296077849999,55.54702705740001,59.83533058019999,52.87239532920002,51.76242551751112,9.975471375670542
56.44039996279999,63.12211993768001,55.13884201256003,34.77756475928002,36.43499450640001,55.05970044039997,56.07443429936001,60.45211166127997,53.593346714880035,52.34372381051557,9.943773912392917
56.9526298361,63.50678747916,55.828507234720014,35.45993855336001,36.945863341800006,55.634618149499985,56.601841541320006,61.059561634419985,54.32582178168001,52.923952172451116,9.912001193578185
57.46485970940001,63.89145502064001,56.51817245688002,36.14231234744,37.45673217720001,56.101449433,57.12924878328001,61.581698620679994,55.060766208720025,53.48296608413778,9.868977886964618
57.97708958269999,64.27612256212,57.207837679040004,36.75928480508002,37.967601012600014,56.568280716499984,57.65665602524001,62.10383560693998,55.79571063576,54.03471318066444,9.841489464711902
58.489319456,64.66079010360001,57.89750290120001,37.361723632400015,38.47846984800002,57.03511199999999,58.18406326720001,62.62597259319999,56.53065506280002,54.584845429377786,9.818341339908129
59.001549329300005,65.04545764508002,58.58716812336003,37.96416245972,38.98933868340002,57.50194328349998,58.70674618200001,63.14810957945998,57.265599489840035,55.134452752851125,9.796134749908905
59.51377920259999,65.43012518656,59.27683334552001,38.56660128704002,39.47966552680002,57.96877456699999,59.18893486400001,63.67024656571999,58.00054391688001,55.677278273568895,9.777520629452626
59.977822430639996,65.81479272804,59.96649856768002,39.169040114360016,39.95458587620002,58.435605850499975,59.67112354600001,64.19238355197997,58.735488343920025,56.21303788992444,9.761030721421841
60.37514568832,66.10408941992,60.6070091268,39.77147894168,40.42950622560002,58.89406716943999,60.15331222800001,64.70569512927999,59.43662320104,56.71965857000889,9.726434250606967
60.77246894599999,66.286093906,61.19222069000001,40.373917768999995,40.90442657500002,59.212331582,60.63550091000001,65.0711811065,60.09972229200002,57.17198486405557,9.657440020654933
61.16979220368,66.46809839208001,61.777432253200026,40.956247709600014,41.379346924400025,59.53059599455999,61.11768959200001,65.43666708371998,60.76282138296003,57.62207683735557,9.594759942040142
61.567115461360004,66.65010287816,62.36264381640001,41.475737379200005,41.854267273800005,59.84886040712,61.59987827400002,65.80215306094,61.42592047392001,58.065186558322225,9.547688740602174
61.96443871903999,66.83210736424,62.947855379600014,41.9952270488,42.329187623200006,60.16712481967999,62.08206695600002,66.16763903815998,62.08901956488002,58.50829627928889,9.502605620206163
62.36176197672,67.01411185031999,63.5330669428,42.51471671840002,42.78718422080001,60.485389232239996,62.51253012100001,66.53312501538,62.75211865584,58.94377830372222,9.46069670151982
62.759085234400004,67.1961163364,64.11827850600001,43.03420638800001,43.22261581600001,60.80365364479999,62.914123230000015,66.89861099259998,63.41521774680001,59.373545321666676,9.424278105926968
63.15640849207999,67.37812082248,64.70349006920003,43.5536960576,43.65804741120001,61.11943549814,63.315716339,67.26133296225998,64.05916492112001,59.80060139700889,9.388528750198486
63.55373174976,67.56012530856,65.2887016324,44.07318572720002,44.09347900640001,61.26143820608,63.717309447999995,67.43057440272,64.55947272064,60.170890911306664,9.324595849013349
63.951055007440004,67.74212979464001,65.87391319560001,44.59267539680001,44.52891060160002,61.403440914019995,64.118902557,67.59981584317998,65.05978052016002,60.54118042560445,9.263181300301879
64.34837826511999,67.92413428072001,66.45912475880003,45.0613172584,44.96434219680002,61.54544362196,64.520495666,67.76905728364,65.56008831968002,60.90582018345779,9.215254719251984
64.7457015228,68.1061387668,67.044336322,45.504535215999994,45.39977379200002,61.6874463299,64.92208877499999,67.9382987241,66.0603961192,61.267635063088896,9.175349314862018
65.14302478048,68.28814325288,67.62954788520003,45.94775317360001,45.82648865120002,61.82944903784,65.30055731136,68.10754016455999,66.56070391872002,61.625912019537786,9.138747275985866
65.54034803815999,68.47014773896,68.2147594484,46.390971131200004,46.23141167040002,61.97145174578,65.57303822312,68.27678160501999,67.06101171824001,61.969991257697785,9.104129629504833
65.93767129584,68.65215222504,68.79997101160001,46.834189088799995,46.63633468960003,62.113454453719996,65.84551913487999,68.44602304547999,67.56131951776001,62.31407049585778,9.072159592029394
66.29522074966,68.65537497292,69.24142502164001,47.277407046400015,47.041257708800025,62.068649369960006,66.11800004664,68.4309724922,67.90100781096001,62.55881280213113,8.986318626421617
66.5555453496,68.6035879552,69.6386459384,47.720625004000006,47.44618072800001,62.0184295676,66.3904809584,68.410580142,68.19127471760001,62.77503892897778,8.886235140464022
66.81586994954,68.55180093748,70.03586685516001,48.15840225712,47.85110374720001,61.968209765240005,66.66296187016,68.3901877918,68.48154162424001,62.990660533104446,8.790843101584912
67.07619454948001,68.50001391976,70.43308777192,48.54177246544002,48.256026766400005,61.91798996288001,66.93544278192,68.3697954416,68.77180853088,63.20023691003112,8.710535848419179
67.33651914942,68.44822690204,70.83030868868,48.92514267376001,48.65778213720001,61.86777016052,67.20792369368,68.3494030914,69.06207543752001,63.40946132602445,8.63457904239956
67.59684374936,68.39643988432,71.22752960544001,49.30851288208,49.04053161760001,61.81755035816,67.37760479968,68.3290107412,69.35234234416001,63.60515177577778,8.560700160750981
67.85716834930001,68.3446528666,71.6247505222,49.6918830904,49.42328109800001,61.7673305558,67.5065943159,68.308618391,69.64260925079999,63.79632093777778,8.488259552721525
68.11749294924,68.29286584888,72.02197143896001,50.075253298720014,49.80603057840001,61.550535175040004,67.63558383212,68.16280731,69.84835278087999,63.94565480136001,8.409999790877693
68.37781754918,68.24107883116,72.41919235572,50.45862350704001,50.18878005880001,61.32112043228001,67.76457334834001,68.00749481000001,69.93334863016,64.0791143914089,8.326990953573441
68.63814214912,68.18929181344,72.81641327248,50.84199371536,50.57152953920002,61.091705689520005,67.89356286456001,67.85218231,70.01834447944,64.21257398145778,8.250149369170252
68.89846674905999,68.13750479571999,73.21363418924003,51.21133975396001,50.95427901960002,60.86229094676001,68.02255238078001,67.69686981000001,70.10334032872,64.34447533042668,8.182461657611022
69.158791349,68.085717778,73.610855106,51.56748657400001,51.337028500000024,60.632876204000006,68.151541897,67.54155731,70.188336178,64.47491009955556,8.123839073201056
69.41911594894,68.03393076028,74.00807602276001,51.92363339404,51.692117001600025,60.403461461240006,68.25115780206,67.38624481000001,70.27333202728,64.59900769202223,8.075604496325772
69.67944054888,67.98214374256,74.40529693952,52.27978021408,52.047205503200004,60.174046718480014,68.26438073312,67.23093231000001,70.35832787656,64.71350606515556,8.029047784678113
69.93976514882,67.91712225827999,74.78666604964,52.63592703412001,52.402294004800005,59.83099674632001,68.27760366418,67.02570892184,70.4336464188,64.80552558297778,7.992270631492994
70.20008974876,67.64034930903999,74.91440625352001,52.992073854160004,52.757382506400006,59.473516903760014,68.29082659524,66.81414764312001,70.3541280484,64.82632454026665,7.901247592011471
70.43417853950001,67.36357635979999,75.04214645740001,53.34822067419999,53.11247100800001,59.11603706120001,68.3040495263,66.60258636440001,70.27460967799999,64.84420840764444,7.816232439115162
70.5318411224,67.08680341056,75.16988666128,53.70436749424001,53.46755950960001,58.75855721864002,68.31727245735999,66.39102508568001,70.1950913076,64.84693380748445,7.726934001027683
70.6295037053,66.81003046131998,75.29762686516001,54.041046601960005,53.82264801120001,58.40107737608001,68.33049538841999,66.17946380696,70.11557293719999,64.84749612817778,7.64876936305055
70.72716628820001,66.53325751208,75.42536706904,54.37646972824,54.120846558800004,58.04359753352,68.34371831947999,65.96790252824,70.03605456679999,64.84159778937777,7.588641288828559
70.8248288711,66.25648456283999,75.55310727292,54.71189285452001,54.40956344740001,57.68611769096001,68.28963830272,65.75634124952,69.9565361964,64.82716782759776,7.533782350738063
70.922491454,65.9797116136,75.6808474768,55.04731598080001,54.69828033600001,57.278321838800004,68.21778014879999,65.5441720604,69.877017826,64.80510430391111,7.491792006416871
71.0201540369,65.70293866435999,75.80858768068,55.38273910708,54.98699722460001,56.861301384880015,68.14592199488,65.33189142104001,69.71873187607999,64.77325148783335,7.452876671937238
71.1178166198,65.42616571511999,75.93632788456,55.71816223336,55.27571411320001,56.444280930960005,68.07406384096,65.11961078168001,69.52762610135999,64.73775202455555,7.4201730899379275
71.2154792027,65.14939276588,76.06406808844,56.05358535964001,55.56443100180001,56.02726047704002,68.00220568703999,64.90733014232,69.33652032664,64.70225256127777,7.396585426440423
71.3131417856,64.87261981664,76.19180829232,56.35934759728,55.85314789040002,55.610240023120014,67.93034753312,64.69504950296,69.14541455191998,64.66345744370668,7.3863638965596214
71.4108043685,64.5958468674,76.3195484962,56.6132032798,56.04515877,55.193219569200004,67.8584893792,64.4827688636,68.9543087772,64.60814981901112,7.4059734511053
71.5084669514,64.31907391816,76.44728870008,56.86705896232001,56.198487246,54.776199115280015,67.75905200151999,64.27048822424,68.76320300248,64.54547979127557,7.436805739157004
71.6061295343,64.04230096891999,76.57502890396,57.120914644840006,56.351815722,54.34873338628001,67.60320257523999,64.06450458121999,68.57209722776,64.47608083827998,7.473296286955557
71.7037921172,63.70010800608,76.59340497208,57.374770327360004,56.505144198,53.918702151120016,67.44735314895999,63.860067568880005,68.3545795884,64.3842135642311,7.493905045550974
71.8014547001,63.23797835163999,76.41128012463999,57.62862600988001,56.658472674,53.48867091596001,67.29150372267999,63.655630556540004,68.0886401972,64.25136191696,7.479677769533399
71.899117283,62.775848697200004,76.2291552772,57.882481692400006,56.81180115,53.05863968080002,67.13565429639999,63.45119354420001,67.822700806,64.1185102696889,7.473909563697133
71.99096812882,62.31371904275999,76.04703042975999,58.136337374920004,56.96512962600001,52.62860844564001,66.97980487011999,63.24675653186,67.5567614148,63.98501287385333,7.475841814998062
71.90846686223999,61.85158938831998,75.86490558231999,58.24699072544,57.002734834799995,52.19857721048,66.82395544383999,63.04231951952,67.29082202359999,63.803373510062215,7.488669309035998
71.82596559566,61.389459733879995,75.68278073488,58.31908960196,56.9535475932,51.768545975320016,66.66810601755999,62.837882507180005,67.0248826324,63.60780671022667,7.519280278502822
71.74346432908,60.92733007943999,75.50065588743999,58.391188478480004,56.9043603516,51.331543091760004,66.4302188416,62.6205387572,66.75894324119999,63.40091589531111,7.551116011092102
71.6609630625,60.46520042499998,75.31853103999998,58.463287355000006,56.855173109999996,50.89234543000002,66.17960167,62.39913177500001,66.49300384999998,63.19191530194444,7.586667230315763
71.57846179591999,60.003070770559994,75.13640619255999,58.53538623152001,56.80598586839999,50.45314776824001,65.9289844984,62.17772479280001,66.16548718664,62.976072789448885,7.622797043944106
71.49596052934,59.54094111611998,74.95428134512,58.60748510804,56.7567986268,50.013950106480024,65.6783673268,61.95631781060001,65.83797052327998,62.76023027695333,7.6628985501235185
71.41345926276,59.07881146168,74.77215649768,58.679583984560004,56.707611385199996,49.57475244472001,65.4277501552,61.73491082840001,65.51045385991999,62.544387764457774,7.706909751159252
71.33095799617999,58.616681807239985,74.59003165024,58.698065292319995,56.56607856299999,49.13555478296001,65.17713298359999,61.5135038462,65.18293719655999,62.31232712425555,7.766359744282942
71.2484567296,58.15455215279998,74.40790680279999,58.517395630399996,56.301418299999995,48.696357121200016,64.92651581199999,61.292096864000015,64.85542053319999,62.04445777177778,7.850701499811881
71.16595546302,57.692422498359996,74.22578195535999,58.336725968479996,56.03675803699999,48.23061939706001,64.63678271116,61.032148446380006,64.52790386984,61.76501092740666,7.940387744966746
71.08345419644,57.23029284391998,74.04365710791998,58.156056306560004,55.772097773999995,47.754473805320025,64.28910008551999,60.75708574036002,64.20038720647999,61.476289451835555,8.030914277943847
71.00095292986,56.68204710096,73.67325058316,57.97538664464,55.50743751099999,47.27832821358001,63.94141745987999,60.48202303434001,63.841223052080004,61.15356294772222,8.090553236476545
70.91845166328,56.08682894607998,73.20014496167998,57.79471698272,55.24277724799999,46.802182621840025,63.59373483423999,60.206960328320015,63.464796629839995,60.81228824622221,8.135342763550424
70.8359503967,55.491610791199975,72.72703934019998,57.614047320800005,54.97811698499999,46.32603703010002,63.24605220859999,59.93189762230001,63.088370207599986,60.47101354472222,8.183009124940522
70.75344913012,54.896392636319995,72.25393371871999,57.43337765888,54.67068358999998,45.849891438360004,62.898369582959994,59.656834916280005,62.71194378536,60.12498627299999,8.237031150076302
70.67094786354,54.30117448143998,71.78082809723998,57.09140475835999,54.25631736499998,45.373745846620025,62.55068695731999,59.38177221026001,62.33551736311999,59.74915499365554,8.308785412572854
70.42582177992,53.70595632656,71.30772247575999,56.65725857864,53.84195113999998,44.85147562064001,62.20300433167999,59.05553225848001,61.95909094088,59.33420149472889,8.369171896394073
70.16327160876,53.110738171679984,70.83461685427999,56.22311239892,53.427584914999976,44.30710400742003,61.77385986977999,58.70476987644002,61.582664518639994,58.90308024676889,8.42890395996256
69.9007214376,52.515520016799975,70.36151123279997,55.788966219199985,53.013218689999974,43.762732394200015,61.339543227799986,58.35400749440001,61.20048354919998,58.47074491799999,8.488938808072612
69.63817126644,51.920301861919995,69.88840561131998,55.354820039479996,52.59885246499999,43.21836078098001,60.90522658581998,58.003245112360005,60.80449166648,58.036875043311106,8.549148095057214
69.37562109528001,51.32508370703998,69.41529998983998,54.92067385976,52.18448624,42.67398916776002,60.470909943839985,57.65248273032002,60.408499783759986,57.603005168622225,8.610066679666993
69.11307092412,50.72986555216,68.94219436835999,54.486527680039984,51.76253273439999,42.129617554540005,60.03659330185998,57.30172034828001,60.01250790104,57.16829226275555,8.672270445261775
68.85052075296,50.13464739727999,68.46908874687998,54.040363342399985,51.295055545199986,41.585245941320025,59.602276659879976,56.95095796624002,59.61651601831999,56.72718581894222,8.739128568112879
68.58797058180001,49.539429242399976,67.99598312539997,53.407917557,50.82757835599999,40.99216163640001,59.1679600179,56.56497959580001,59.22052413559999,56.25605602758888,8.824288247168692
68.32542041064,48.944211087519996,67.52287750391999,52.775471771599975,50.360101166799986,40.37093222072003,58.7110176428,56.15865420984002,58.82453225288,55.777024251857775,8.915267514548745
68.06287023947999,48.34899293263998,67.04977188243998,52.14302598619998,49.89262397759998,39.749702805040016,58.2293283721,55.75232882388001,58.428540370159986,55.295242821059986,9.005939469040321
67.80032006832,47.688678586399966,66.39745800879996,51.51058020079999,49.42514678839998,39.12847338936,57.7476391014,55.346003437920004,58.04179409383998,54.78734374169332,9.075246592428575
67.53776989716,47.02429572819999,65.73394361939998,50.8781344154,48.957669599199974,38.50724397368002,57.265949830699995,54.939678051960016,57.65562566791999,54.27781230929111,9.14489018303891
67.275219726,46.359912869999974,65.07042922999997,50.245688629999975,48.49019240999998,37.88601455800001,56.78426055999999,54.533352666000006,57.26945724199999,53.76828087688887,9.216241320707692
67.01266955484,45.695530011799995,64.4069148406,49.61324284459999,48.02519752159997,37.26478514232003,56.3025712893,54.12702728004002,56.88328881608,53.259025255686666,9.289085795172868
66.75011938368,45.03114715359998,63.743400451199975,48.91614495936,47.56020263319997,36.61018470896001,55.820882018599995,53.71594536300001,56.49712039015999,52.73834967352888,9.373953413421283
66.48756921252,44.36676429539997,63.07988606179996,48.15035421803997,47.09520774479997,35.93254238244003,55.339419569819995,53.30157917450002,56.11095196423998,52.207141624839984,9.469156289935043
66.09770654184001,43.70238143719999,62.41637167239998,47.38456347671998,46.63021285639999,35.25490005592002,54.87292736775999,52.887212986000016,55.72478353832,51.66345110361778,9.54284632126175
65.67071105880001,43.037998578999975,61.75285728299997,46.61877273539999,46.165217967999986,34.57725772940001,54.40643516569999,52.472846797500004,55.34549255319999,51.116398874444435,9.61157081432412
65.24371557575999,42.3736157208,61.08934289359999,45.85298199407997,45.700223079599986,33.89961540288003,53.93994296363999,52.058480609000014,54.97101577664,50.56988155733333,9.682219254539557
64.81672009272002,41.70923286259998,60.425828504199984,45.08719125275998,45.23522819119999,33.221973076360015,53.47345076157999,51.6441144205,54.59653900007999,50.023364240222215,9.754499422506635
64.38972460968,41.04485000439997,59.76231411479997,44.32140051143999,44.768472744399986,32.544330749840036,53.00695855951999,51.22974823200002,54.222062223519984,49.476651305511105,9.828480721979181
63.96272912664,40.38046714619999,59.09879972539999,43.55560977012001,44.30142387119998,31.85482643916002,52.54046635745999,50.82104851730001,53.84758544696,48.92921737782667,9.906724088044792
63.53573364360001,39.716084287999976,58.43528533599998,42.713594968799974,43.83437499799998,31.15558921840004,52.07397415539999,50.41699821700002,53.47310867039999,48.37274927728888,9.994084062002564
63.10873816056001,39.0517014298,57.7717709466,41.86395776147999,43.36732612479998,30.456351997640027,51.63314556477999,50.012947916700014,53.09863189384,47.81828575513333,10.085115039962457
62.68174267752,38.38774938823999,57.09808230199998,41.01432055416,42.900277251599974,29.757114776880012,51.21312530775999,49.60889761640001,52.72361861839999,47.26499205477333,10.177775731098317
62.25474719448002,37.725197500759975,56.39132732799997,40.164683346839965,42.433228378399974,29.057877556120033,50.79310505073998,49.204847316100015,52.346861721599986,46.70798615478221,10.268236801199288
61.82775171144001,37.06264561327999,55.68457235399999,39.31504613951998,41.966179505199975,28.35864033536002,50.37308479371998,48.80079701580001,51.970104824799996,46.15098025479111,10.360792602949875
61.4007562284,36.40009372579998,54.977817379999976,38.46540893219999,41.47579460199997,27.65940311460004,49.95306453669998,48.39674671550002,51.593347927999986,45.591381462577765,10.456532778930441
60.97376074535999,35.73754183831996,54.27106240599996,37.61577172487996,40.97607528679997,26.968823669920024,49.533044279680006,47.97704227024001,51.216591031199975,45.02996813915554,10.552239520660383
60.54676526232001,35.074989950839985,53.564307431999985,36.75360207763997,40.47635597159999,26.286661507540042,49.11302402266,47.542118517380025,50.83983413439999,44.46640654182,10.648539019435715
60.11976977928,34.41243806335997,52.85755245799997,35.866367550559985,39.97663665639999,25.60449934516003,48.692205334360004,47.10719476452002,50.46307723759998,43.899971243248885,10.748925508775226
59.69277429623999,33.74988617587999,52.150797483999995,34.97913302348,39.476917341199986,24.922337182780012,48.26326926138,46.67227101166001,50.08632034079999,43.332634013046665,10.8507282627712
59.17787994800001,33.08733428839998,51.444042509999974,34.09189849639996,38.97719802599998,24.24017502040003,47.834333188399995,46.23734725880002,49.708268888799985,42.75538640279999,10.937712170774976
58.6146412239,32.424782400919966,50.73728753599996,33.20466396931998,38.477478710799986,23.558012858020017,47.405397115419994,45.80242350594001,49.33004482943998,42.172748016639986,11.017497408815377
58.05140249979999,31.762230513439988,50.03053256199998,32.31742944224,37.94747192039998,22.87585069564004,46.97646104243999,45.367499753080025,48.95182077007999,41.58674435545778,11.100411882114916
57.48816377570001,31.099678625959974,49.32377758799997,31.430194915159962,37.39474952359998,22.221026351020022,46.54752496945999,44.88497359130002,48.57359671071998,40.99596511676887,11.1782003622706
56.9249250516,30.437126738479996,48.61702261399999,30.542960388079976,36.84202712679998,21.59768191776004,46.11858889647999,44.347632534400034,48.195372651359996,40.40259310210667,11.248626884078856
56.36168632749999,29.774574850999983,47.91026763999998,29.671059989999993,36.28930472999998,20.974337484500026,45.68965282349999,43.81029147750002,47.81714859199999,39.81092487955555,11.318928097763672
55.79844760340001,29.112022963519966,47.203512665999966,28.804066513200006,35.73658233319997,20.350993051240014,45.18437225263999,43.27295042060001,47.43892453263998,39.211319148493324,11.385122294086957
55.2352088793,28.47999446011999,46.515237382279985,27.937073036399973,35.18385993639997,19.72764861798003,44.633648528279984,42.73560936370003,47.05758365159999,38.61176265067333,11.447527002647838
54.671970155199986,27.875097853679975,45.843388489919974,27.070079559599986,34.63113753959997,19.104304184720018,44.08292480391999,42.19826830680002,46.67347226239998,38.01673812842666,11.50923933919266
54.10873143110001,27.270201247239996,45.17153959755999,26.2030860828,34.052641216999994,18.480959751460034,43.53220107955998,41.660927249900034,46.289360873199996,37.41884983664667,11.572996924617678
53.545492706999994,26.66530464079998,44.49969070519998,25.336092605999966,33.43977965999999,17.89461572640002,42.98147735519998,41.063346096400025,45.90524948399999,36.81456099788888,11.62876317142245
52.982253982899984,26.06040803435997,43.827841812839964,24.46909912919998,32.82691810299999,17.358838925880036,42.43075363083998,40.38343681088004,45.52113809479998,36.20674316941111,11.671691461349244
52.41901525880001,25.45551142791999,43.15599292047999,23.616250183679995,32.21405654599999,16.823062125360025,41.880029906479976,39.70352752536003,45.13702670559999,35.60049695552001,11.71411440474371
51.8557765347,24.850614821479976,42.48414402811997,22.827051628919964,31.601194988999982,16.287285324840013,41.300305381059964,39.02361823984002,44.752915316399985,34.998100696039984,11.747555853891118
51.29253781059999,24.245718215039997,41.812295135759996,22.037853074159976,30.98833343199998,15.751508524320027,40.57294041387996,38.343708954320036,44.3604757412,34.378374589031104,11.771271558711486
50.729299086500006,23.640821608599985,41.14044624339998,21.248654519399988,30.375471874999974,15.215731723800015,39.84557544669997,37.663799668800024,43.92917129799999,33.75433016335555,11.791894396976398
50.11586480592,23.03592500215997,40.46859735103997,20.45945596464,29.74478843399997,14.67995492328003,39.11821047951996,36.98389038328004,43.49786685479998,33.12272824429332,11.805056089583125
49.455372191139986,22.43102839571999,39.796748458679986,19.670257409879973,29.069550282999966,14.177118361980016,38.390845512339965,36.26322309008003,43.066562411599996,32.48007845715777,11.804248299611283
48.79487957636001,21.826131789279977,39.124899566319975,18.881058855119985,28.394312131999964,13.727962190520007,37.66348054516,35.47613533992001,42.63525796839998,31.836013107008878,11.791628127566934
48.13438696158,21.221235182839965,38.453050673959964,18.091860300359997,27.719073980999962,13.278806019060019,36.93611557798,34.68904758976004,42.20395352519998,31.191947756859992,11.780429766152432
47.47389434679999,20.616338576399983,37.78120178159998,17.370743639199972,27.04383582999996,12.82964984760001,36.208750610799996,33.90195983960002,41.77264908199999,30.555447061555544,11.761098917117845
46.81340173202001,20.01144196995997,37.10935288923997,16.693880208879982,26.368597678999958,12.380493676140022,35.40245090893999,33.11487208944004,41.34134463879998,29.915092865824434,11.73212308586381
46.15290911724,19.484138808399994,36.44471142479999,16.017016778559995,25.693359527999988,11.931337504680013,34.56256195827999,32.32778433928002,40.82419278247999,29.27089024908,11.684369596181364
45.49241650245999,18.973462813599983,35.781614409199975,15.340153348239967,25.011717530199984,11.482181333220026,33.72267300761999,31.540696589120046,40.28864505191998,28.625951176175548,11.634143696391618
44.83192388768001,18.462786818799973,35.118517393599966,14.663289917919979,24.291652451599983,11.056281982320014,32.882784056959984,30.74902845576003,39.75309732135997,27.978818031777767,11.582231222242795
44.1714312729,17.952110823999988,34.455420377999985,13.986426487599989,23.57158737299998,10.675927238350006,32.04289510629999,29.94839040530001,39.21754959079998,27.335748741805546,11.523160774204433
43.51093865811999,17.441434829199977,33.79232336239997,13.30956305728,22.851522294399977,10.295572494380016,31.203006155639983,29.147752354840037,38.68200186023998,26.692679451833325,11.46563345673601
42.850446043340014,16.930758834399995,33.12922634679999,12.63640254597598,22.131457215799973,9.915217750410008,30.36311720497998,28.347114304380018,38.146454129679995,26.050021597307328,11.40912837090988
42.18995342856,16.420082839599985,32.46612933119998,12.081735443183987,21.41139213719997,9.53486300644002,29.52426139639998,27.54647625392004,37.61090639911998,25.420644470624882,11.336769045312817
41.52946081377999,15.909406844799973,31.803032315599964,11.527068340391997,20.691327058599967,9.154508262470012,28.688698728199977,26.745838203460025,37.008959743759966,24.784255590117986,11.256986821709221
40.868968199000015,15.398730849999989,31.139935299999987,10.972401237599975,19.971261979999966,8.774153518500022,27.853136059999976,25.945200153000048,36.332314297999986,24.139566844011103,11.168254019458015
40.208475584220004,14.888054855199979,30.476838284399975,10.417734134807985,19.259594155999963,8.410640975794028,27.01757339179997,25.165590381140063,35.65566885223997,23.5000189572891,11.077783537047821
39.52587344199999,14.377378860399993,29.813741268799994,9.863067032015994,18.54792633199996,8.087228912288005,26.18201072359997,24.436047939280012,34.979023406479996,22.868033101873767,10.978385343616852
38.80826454800002,13.866702865599983,29.150644253199978,9.308399929224002,17.836258507999958,7.763816848782015,25.346448055399968,23.706505497420032,34.30237796071998,22.23215760737177,10.873457727467843
38.090655654,13.356026870799973,28.487547237599966,8.753732826431982,17.124590683999955,7.440404785276025,24.510885387199966,22.976963055560056,33.62573251495997,21.596282112869762,10.769636300731127
37.373046759999994,12.84535087599999,27.82445022199999,8.256036987479993,16.412922859999988,7.116992721770002,23.675322718999965,22.247420613700005,32.94908706919999,20.966736758794436,10.65844722538241
36.65543786600002,12.349415184231985,27.160811687279974,7.826706665135999,15.701255035999983,6.793580658264011,22.909970088879966,21.517878171840024,32.25633539159997,20.352376749914658,10.536615835938843
35.937828972000005,11.964031765203996,26.493111759159994,7.397376342791983,14.98958721199998,6.47016859475802,22.164870354359962,20.788335729980044,31.442786975199997,19.73867752282822,10.388510967857956
35.22022007799999,11.578648346175989,25.825411831039983,6.968046020447989,14.34721965799998,6.1604997582320244,21.419770619839962,20.08376682544006,30.62923855879998,19.136980188441772,10.23552302059417
34.50261118400002,11.19326492714798,25.157711902919967,6.538715698103997,13.716402148999977,5.891297090036005,20.674670885319998,19.452731114120013,29.815690142399962,18.549232788116434,10.077149325102237
33.78500229000001,10.807881508119992,24.490011974799987,6.10938537575998,13.085584639999976,5.622094421840013,19.929571150799998,18.82169540280003,29.002141725999987,17.96148538779111,9.919652605094242
33.06739339599999,10.422498089091984,23.822312046679976,5.6800550534159875,12.454767130999972,5.3528917536440215,19.184471416279994,18.19065969148005,28.18859330959997,17.373737987465773,9.76307530244167
32.34978450200002,10.037114670063978,23.15461211855996,5.250724731071994,11.823949621999969,5.083689085448002,18.439371681759994,17.559623980160005,27.375044893199952,16.785990587140432,9.607462369772238
31.632175608000004,9.65173125103599,22.48691219043998,4.931527209,11.193132112999967,4.814486417252009,17.735751961619993,16.928588268840024,26.561496476799977,16.21508905510977,9.437175108268779
30.914566713999992,9.266347832007982,21.81921226231997,4.627520417999989,10.562314603999965,4.545283749056018,17.12299322535999,16.29755255752004,25.690231599519958,15.64955810686488,9.25950049891437
30.19695782000002,8.880964412979994,21.15151233419999,4.323513626999993,10.02784366449997,4.286854541719999,16.51023448909999,15.684158600299996,24.801207811199987,15.095916366777772,9.072225259133516
29.479348926000007,8.495580993951986,20.483812406079977,4.019506835999999,9.531911352799968,4.068646254928005,15.897475752839988,15.136627191720011,23.91218402287997,14.558343748577764,8.877587934545536
28.76174003199999,8.110197574923978,19.816112477959962,3.7155000449999873,9.035979041099965,3.850437968136011,15.284717016579986,14.589095783140028,23.023160234559953,14.020771130377764,8.683770983080638
28.03891025160002,7.724814155895991,19.148412549839982,3.4114932539999923,8.540046729399963,3.6322296813440174,14.671958280319984,14.041564374560043,22.134136446239978,13.482618413688884,8.48971152574242
27.301070422800006,7.339430736867983,18.48071262171997,3.107486462999997,8.044114417699962,3.4140213945520017,14.059199544059982,13.494032965980004,21.24511265791996,12.94279791384443,8.293317253598104
26.563230593999993,6.954047317839995,17.813012693599994,2.8361730484799907,7.54818210599996,3.1958131077600083,13.44644080779998,12.94650155740002,20.35608886959999,12.406610011386658,8.09299732999035
25.82539076520002,6.62858831438398,17.17870912394395,2.640054399863994,7.052249794299957,2.977604820968014,12.942646757887985,12.398970148820036,19.478907167759928,11.902569032569764,7.883537652701102
25.087550936400007,6.388735618887988,16.592114637807967,2.443935751247997,6.641434822439969,2.767599152775999,12.457969319615984,11.862445965407998,18.618642732319955,11.428936548544876,7.666711092807105
24.349711107599994,6.148882923391995,16.005520151671988,2.247817102632,6.294457855459967,2.597923026034004,11.973291881343982,11.38004063907201,17.758378296879982,10.972891442676213,7.440613857976175
23.611871278800024,5.909030227896002,15.418925665536005,2.051698454015993,5.947480888480001,2.4282468992920085,11.488614443071981,10.897635312736025,16.89811386144001,10.51684633680756,7.215566576212533
22.874031450000007,5.669177532399985,14.832331179399963,1.855579805399996,5.6005039215,2.2585707725500135,11.00393700479998,10.415229986400039,16.037849425999944,10.06080123093888,6.991670635643251
22.136191621199995,5.429324836903993,14.245736693263982,1.659461156783999,5.253526954519998,2.0888946458080015,10.519259566527978,9.932824660064004,15.177584990559973,9.604756125070216,6.769040284131098
21.39835179240002,5.189472141408,13.659142207128,1.4633425081679916,4.9065499875399965,1.9192185190660065,10.034582128255977,9.450419333728018,14.31732055512,9.148711019201558,6.547804615928598
20.66051196360001,4.949619445911983,13.072547720991958,1.3255336301759968,4.559573020559995,1.7495423923240114,9.576491029763979,8.968014007392032,13.464067739303946,8.70287788333599,6.3206947797519915
19.922672134799996,4.709766750415991,12.485953234855977,1.2095909161679987,4.268366732179996,1.5872066616399996,9.160324544001977,8.492412574081998,12.72300083747197,8.28436604284621,6.097396642749419
19.184832306000025,4.4699140549199985,11.899358748719994,1.0936482021600007,4.051521348599995,1.4754381038000028,8.744158058239977,8.06368240384001,11.981933935639994,7.8849430179911115,5.862162009954917
18.44699247720001,4.23006135942398,11.312764262583952,0.9777054881519962,3.8346759650199944,1.363669545960006,8.327991572477975,7.634952233598022,11.24086703380794,7.485519993135987,5.627963364215292
17.709152648399996,3.990208663927988,10.726169776447971,0.861762774143998,3.6178305814399936,1.2519009881200092,7.911825086715975,7.2062220633560345,10.499800131975963,7.086096968280881,5.3949356263985875
16.97131281959998,3.750355968431996,10.139575290311988,0.7458200601359999,3.4009851978599928,1.1401324302800013,7.495658600953973,6.7774918931140045,9.758733230143987,6.686673943425769,5.163237335535157
16.23670499692001,3.5105032729360035,9.55298080417601,0.6298773461279954,3.184139814279992,1.0283638724400044,7.0794921151919725,6.348761722872017,9.01766632831201,6.28761003036178,4.933870434303238
15.523913215549998,3.270650577439986,8.966386318039966,0.5248762102800013,2.967294430699991,0.9165953146000076,6.663325629429972,5.920031552630029,8.276599426479956,5.892185852794434,4.710277215207486
14.811121434179984,3.1303804949519973,8.52448851379199,0.4811479121279997,2.778542132399995,0.811513034612,6.23988098350797,5.494466142975999,7.637186889895983,5.545414170938213,4.487944814080513
14.098329652810012,3.0316031678840005,8.142880993664,0.437419613975998,2.6600225472999943,0.7788654313540009,5.815849389185969,5.10318563969201,7.040130338832003,5.234254086077554,4.257155965471763
13.385537871439997,2.932825840815993,7.761273473535974,0.3936913158240011,2.541502962199994,0.7462178280960018,5.391817794863968,4.7119051364080216,6.443073787767959,4.923094001216878,4.02861307921387
12.672746090069985,2.8340485137479963,7.3796659534079865,0.3499630176719994,2.4229833770999933,0.7135702248380027,4.967786200541967,4.320624633124033,5.846017236703979,4.611933916356216,3.8027211227246376
11.959954308700013,2.7352711866799995,6.998058433279998,0.3062347195199977,2.304463791999993,0.6809226215800004,4.5437546062199665,3.929344129840005,5.248960685639997,4.300773831495552,3.579981941289791
11.247162527329998,2.6364938596119925,6.61645091315197,0.2625064213680008,2.1859442068999924,0.6482750183220014,4.11972301189801,3.538063626556016,4.651904134575954,3.9896137466348813,3.3610224084714955
10.534370745959986,2.537716532543995,6.234843393023983,0.2187781232159991,2.067424621799992,0.6156274150640023,3.695691417576009,3.1467831232720274,4.054847583511973,3.6784536617742183,3.1466316479810343
9.821578964590014,2.4389392054759984,5.853235872895995,0.230069370400003,1.9597931673599969,0.5870106437440001,3.2523261249260083,2.7560098953159993,3.492916658063993,3.3768755447524454,2.9294751492961617
9.108787183219999,2.3401618784079914,5.471628352767967,0.2819013351999994,1.9174904968799966,0.6497593963519983,2.7865087955080075,2.3767349081280105,2.9953827129119572,3.103150562152881,2.6991533585548515
8.395995401849985,2.2413845513399946,5.090020832639979,0.33373330000000134,1.8751878263999966,0.7125081489599965,2.3206914660900058,1.9974599209400212,2.4978487677599728,2.829425579553328,2.47800555449315
7.683203620480013,2.142607224271998,4.708413312511992,0.3855652648000033,1.8328851559199963,0.7752569015679946,1.8548741366720047,1.6181849337520322,2.0003148226079883,2.55570059695378,2.2687160852884856
6.97041183911,2.0438298972040005,4.326805792384004,0.4373972295999997,1.7905824854399963,0.8380056541759991,1.3890568072540037,1.2389099465640052,1.5027808774560043,2.2819756143542236,2.074876453102992
6.257620057739986,1.9450525701359938,3.9451982722559755,0.4892291944000017,1.748279814959996,0.9007544067839973,0.9232394778360025,0.8596349593760162,1.0052469323039683,2.00825063175466,1.9012181326935014
5.544828276370014,1.8462752430679967,3.563590752127988,0.5410611592000036,1.7059771444799958,0.9635031593919956,0.4574221484180012,0.48035997218802695,0.5077129871519839,1.7345256491551118,1.7537465475292338
4.832036495,1.747497916,3.181983232,0.592893124,1.663674474,1.026251912,-0.008395181,0.101084985,0.010179042,1.4608006665555555,1.6395432261168357
